time,wind_speed,wind_angle,battery_voltage,battery_current,position_x,position_y,position_z,orientation_x,orientation_y,orientation_z,orientation_w,velocity_x,velocity_y,velocity_z,angular_x,angular_y,angular_z,linear_acceleration_x,linear_acceleration_y,linear_acceleration_z,node_ids
0.0,0.1000000014901161,109.0,25.226318359375,-0.1272283792495727,0.0,0.0,0.0,0.0,0.0,-0.0,1.0,0.0,0.0,0.0,-0.0086646880954504,-0.0025429052766412,-0.0096914814785122,0.1114701954368502,0.0653472350304946,-9.807582176327706,1188161.0
0.19,0.1000000014901161,112.0,25.23007392883301,-0.1510837078094482,0.0,0.0,0.0,0.0,0.0,-0.0,1.0,0.0,0.0,0.0,-0.0002413465408608,0.0036785753909498,0.0097421947866678,0.1104840351082384,0.0652712988853454,-9.806648960709571,1188161.0
0.31,0.1000000014901161,116.0,25.22506523132324,-0.1351801604032516,0.0,0.0,0.0,0.0,0.0,-0.0,1.0,0.0,0.0,0.0,-0.0077201118692755,-0.0059145018458366,-0.0118421288207173,0.1090063066687435,0.0750779017992317,-9.806049621105194,1188161.0
0.49,0.1000000014901161,120.0,25.23007392883301,-0.1431319266557693,0.0,0.0,0.0,0.0,0.0,-0.0,1.0,0.0,0.0,0.0,-0.0086330696940422,-0.0044408882968127,-0.0048074871301651,0.1167956841364502,0.048600919037126,-9.810298207998276,1188161.0
0.59,0.1000000014901161,123.0,25.221309661865234,-0.1351801604032516,0.0,0.0,0.0,0.0,0.0,-0.0,1.0,0.0,0.0,0.0,0.0026261832099407,-0.0018441552529111,-0.0018697124905884,0.1096481390856206,0.0685853545367717,-9.80749446809292,1188161.0
0.79,0.1000000014901161,125.0,25.22005653381348,-0.1272283792495727,0.0,0.0,0.0,0.0,0.0,-0.0,1.0,0.0,0.0,0.0,-0.0052745603024959,-0.0077215759083628,-0.0105534754693508,0.1160956536512822,0.0426543463999405,-9.8104256772995,1188161.0
0.9,0.1000000014901161,128.0,25.221309661865234,-0.1272283792495727,0.0,0.0,0.0,0.0,0.0,-0.0,1.0,0.0,0.0,0.0,0.0068717980757355,0.003716489765793,0.0082486486062407,0.1155623967200517,0.0520984447840601,-9.80792248427868,1188161.0
1.09,0.1000000014901161,136.0,25.21630096435547,-0.1351801604032516,0.0,0.0,0.0,0.0,0.0,-0.0,1.0,0.0,0.0,0.0,-0.003667478216812,-0.0022010719403624,-0.005278926808387,0.1146090904343873,0.0562077857181429,-9.808229463100432,1188161.0
1.2,0.1000000014901161,141.0,25.228822708129893,-0.1272283792495727,0.0,0.0,0.0,0.0,0.0,-0.0,1.0,0.0,0.0,0.0,0.0026748282834887,0.0084582660347223,0.0100606540217995,0.1178422169666737,0.0440566640300676,-9.809744476675988,1188161.0
1.4,0.1000000014901161,149.0,25.23508262634277,-0.1431319266557693,0.0,0.0,0.0,0.0,0.0,-0.0,1.0,0.0,0.0,0.0,0.0049484446644783,0.0052130008116364,0.0105592738837003,0.1094892958179116,0.0718586075864732,-9.806109847426416,1188161.0
1.49,0.1000000014901161,154.0,25.227569580078125,-0.1192766055464744,0.0,0.0,0.0,0.0,0.0,-0.0,1.0,0.0,0.0,0.0,-0.0033285075332969,0.0045009437017142,0.0018769206944853,0.1158010910265147,0.0508019252121448,-9.809860251545906,1188161.0
1.69,0.1000000014901161,161.0,25.227569580078125,-0.1272283792495727,0.0,0.0,0.0,0.0,0.0,-0.0,1.0,0.0,0.0,0.0,0.0076088062487542,0.005256709177047,0.0124833201989531,0.1088730175606906,0.0746942696347832,-9.806211588978767,1188161.0
1.79,0.1000000014901161,163.0,25.22506523132324,-0.1351801604032516,0.0,0.0,0.0,0.0,0.0,-0.0,1.0,0.0,0.0,0.0,-0.0082349786534905,-0.0045204125344753,-0.0071031348779797,0.1120065952464938,0.0685389833757653,-9.807319636344909,1188161.0
1.99,0.1000000014901161,163.0,25.23257827758789,-0.1431319266557693,0.0,0.0,0.0,0.0,0.0,-0.0,1.0,0.0,0.0,0.0,-0.0041047907434403,0.0021271139848977,0.0024371887557208,0.1143545355554669,0.0611418764200061,-9.807951135635378,1188161.0
2.09,0.1000000014901161,161.0,25.22506523132324,-0.1272283792495727,0.0,0.0,0.0,0.0,0.0,-0.0,1.0,0.0,0.0,0.0,-0.0064593856222927,-0.0077340304851531,-0.0068846084177494,0.1085258848126977,0.076172354388982,-9.80530468583107,1188161.0
2.29,0.1000000014901161,157.0,25.23132514953613,-0.1192766055464744,0.0,0.0,0.0,0.0,0.0,-0.0,1.0,0.0,0.0,0.0,-0.0105836149305105,-0.0072875297628343,-0.0080612627789378,0.1176363492943346,0.0435074414592236,-9.809966670870784,1188161.0
2.4,0.1000000014901161,157.0,25.233829498291016,-0.1113248318433761,0.0,0.0,0.0,0.0,0.0,-0.0,1.0,0.0,0.0,0.0,0.0058260196819901,0.0042630513198673,0.0042794607579708,0.1151712728105485,0.0594338590465486,-9.80777104139328,1188161.0
2.59,0.1000000014901161,153.0,25.233829498291016,-0.1272283792495727,0.0,0.0,0.0,0.0,0.0,-0.0,1.0,0.0,0.0,0.0,-0.0026394566521048,-0.0047180629335343,-0.0098377959802746,0.1173263189569115,0.0506991010112688,-9.809336341023446,1188161.0
2.7,0.1000000014901161,149.0,25.226318359375,-0.1192766055464744,0.0,0.0,0.0,0.0,0.0,-0.0,1.0,0.0,0.0,0.0,0.0041622803546488,0.0077759348787367,0.0103901959955692,0.1167587644513696,0.0430599878495559,-9.8110162460804,1188161.0
2.9,0.1000000014901161,143.0,25.233829498291016,-0.1272283792495727,0.0,0.0,0.0,0.0,0.0,-0.0,1.0,0.0,0.0,0.0,0.0021670442074537,0.0049207163974642,0.0061253742314875,0.1102568707801401,0.0698509569559246,-9.807647665143014,1188161.0
2.99,0.1000000014901161,142.0,25.21630096435547,-0.1272283792495727,0.0,0.0,0.0,0.0,0.0,-0.0,1.0,0.0,0.0,0.0,-0.0067246854305267,0.0006680251099169,0.0032438782509416,0.1172086163330823,0.0489392398484051,-9.810252599716184,1188161.0
3.19,0.1000000014901161,140.0,25.221309661865234,-0.1192766055464744,0.0,0.0,0.0,0.0,0.0,-0.0,1.0,0.0,0.0,0.0,0.0045661018230021,0.0065527874976396,0.0101139899343252,0.1089640239905566,0.0752694894745946,-9.80638232767582,1188161.0
3.29,0.1000000014901161,142.0,25.22256088256836,-0.1033730581402778,0.0,0.0,0.0,0.0,0.0,-0.0,1.0,0.0,0.0,0.0,-0.0099084991961717,-0.0076749389991164,-0.0132870599627494,0.1112386731058359,0.0668518469575792,-9.807257655858995,1188161.0
3.49,0.1000000014901161,148.0,25.23007392883301,-0.1113248318433761,0.0,0.0,0.0,0.0,0.0,-0.0,1.0,0.0,0.0,0.0,-0.0010774955153465,0.0042988718487322,0.0067961900494992,0.1134196114540099,0.0618166633788496,-9.807697951197625,1188161.0
3.59,0.1000000014901161,154.0,25.22506523132324,-0.1113248318433761,0.0,0.0,0.0,0.0,0.0,-0.0,1.0,0.0,0.0,0.0,-0.0067319739609956,-0.0039880941621959,-0.0112919369712471,0.1086289785336703,0.07676050205715,-9.80587420463562,1188161.0
3.79,0.1000000014901161,162.0,25.21630096435547,-0.1033730581402778,0.0,0.0,0.0,0.0,0.0,-0.0,1.0,0.0,0.0,0.0,-0.0080162798985838,-0.0013943741796538,-0.0070671336725354,0.1156307725980878,0.0499671803601086,-9.80882529437542,1188161.0
3.9,0.1000000014901161,165.0,25.23508262634277,-0.0636141896247863,0.0,0.0,0.0,0.0,0.0,-0.0,1.0,0.0,0.0,0.0,0.0011079094838351,0.0003062587347812,-0.004796655382961,0.1095198749285191,0.0698072124738246,-9.806943075656893,1188161.0
4.09,0.1000000014901161,166.0,25.22506523132324,-0.1272283792495727,0.0,0.0,0.0,0.0,0.0,-0.0,1.0,0.0,0.0,0.0,-0.0103302840143442,-0.0021841230336576,-0.0125537235289812,0.1181331159453839,0.043694442724809,-9.80978365302086,1188161.0
4.2,0.1000000014901161,166.0,25.23007392883301,-0.1272283792495727,0.0,0.0,0.0,0.0,0.0,-0.0,1.0,0.0,0.0,0.0,0.0080547183752059,0.0041227731853723,0.0071335514076054,0.1148231167998165,0.0584593017864972,-9.807431318163871,1188161.0
4.4,0.1000000014901161,167.0,25.21880531311035,-0.1351801604032516,0.0,0.0,0.0,0.0,0.0,-0.0,1.0,0.0,0.0,0.0,-0.0024735301267355,-0.0046320026740431,-0.0088489539921283,0.1165539383143186,0.0490097262058407,-9.808673266768457,1188161.0
4.5,0.1000000014901161,167.0,25.22256088256836,-0.1351801604032516,0.0,0.0,0.0,0.0,0.0,-0.0,1.0,0.0,0.0,0.0,0.0076975561678409,0.0076904641464352,0.0133179752156138,0.1185940409917384,0.045173431970179,-9.810108758211138,1188161.0
4.69,0.1000000014901161,166.0,25.22506523132324,-0.1272283792495727,0.0,0.0,0.0,0.0,0.0,-0.0,1.0,0.0,0.0,0.0,0.0042957318946719,0.0019598235376179,0.0067462031729519,0.1106245510093867,0.0671863990556448,-9.80686823129654,1188161.0
4.79,0.1000000014901161,165.0,25.23007392883301,-0.0954212844371795,0.0,0.0,0.0,0.0,0.0,-0.0,1.0,0.0,0.0,0.0,-0.0039535486139357,0.0029942281544208,0.004503836389631,0.1160685645975172,0.0474993812665343,-9.809989475011824,1188161.0
4.99,0.1000000014901161,158.0,25.226318359375,-0.1192766055464744,0.0,0.0,0.0,0.0,0.0,-0.0,1.0,0.0,0.0,0.0,0.0049496404826641,0.0102145364508032,0.0117386979982256,0.1095956968702376,0.0746197815891355,-9.80556430220604,1188161.0
5.09,0.1000000014901161,154.0,25.213796615600582,-0.1192766055464744,0.0,0.0,0.0,0.0,0.0,-0.0,1.0,0.0,0.0,0.0,-0.0105636203661561,-0.0071947402320802,-0.0119027812033891,0.110739914746955,0.0708793542813509,-9.806758303642273,1188161.0
5.29,0.1000000014901161,147.0,25.22381401062012,-0.1351801604032516,0.0,0.0,0.0,0.0,0.0,-0.0,1.0,0.0,0.0,0.0,-0.0063441679812967,-0.0006797594251111,-0.0019282139837741,0.1140351679455489,0.0575444181030616,-9.80707112967968,1188161.0
5.4,0.1000000014901161,145.0,25.22005653381348,0.0954212844371795,0.0,0.0,0.0,0.0,0.0,-0.0,1.0,0.0,0.0,0.0,0.0014378101332113,-0.0042592547833919,-0.0044422377832233,0.1088843099959194,0.0717024412471801,-9.80557541191578,1188161.0
5.59,0.1000000014901161,147.0,25.1824951171875,0.1192766055464744,0.0,0.0,0.0,0.0,0.0,-0.0,1.0,0.0,0.0,0.0,-0.0134064108133316,-0.0056429007090628,-0.0093413582071661,0.1180515198782086,0.0430779360607266,-9.809444514513016,1188161.0
5.7,0.1000000014901161,146.0,25.19251251220703,0.1192766055464744,0.0,0.0,0.0,0.0,0.0,-0.0,1.0,0.0,0.0,0.0,0.0032671871595084,0.0067871431820094,0.0077089322730898,0.1211211162339896,0.0544290946936234,-9.81057068824768,1188161.0
5.9,0.1000000014901161,146.0,25.187503814697266,0.1510837078094482,0.0,0.0,0.0,0.0,0.0,-0.0,1.0,0.0,0.0,0.0,-0.0033013448119163,-0.0026093707419931,-0.0053547457791864,0.1170970350131392,0.0544109089393168,-9.813186732530594,1188161.0
6.0,0.1000000014901161,148.0,25.187503814697266,0.1351801604032516,0.0,0.0,0.0,0.0,0.0,-0.0,1.0,0.0,0.0,0.0,0.0033749537542462,0.0078835375607013,0.0117294397205114,0.1182930190209299,0.0453383417241275,-9.809503571391106,1188161.0
6.19,0.1000000014901161,153.0,25.19626808166504,0.1590354740619659,0.0,0.0,0.0,0.0,0.0,-0.0,1.0,0.0,0.0,0.0,0.0077003836631774,0.0065539251081645,0.0063671073876321,0.1103350498806685,0.0730077453469857,-9.806285263895989,1188161.0
6.29,0.1000000014901161,155.0,25.184999465942383,0.1669872552156448,0.0,0.0,0.0,0.0,0.0,-0.0,1.0,0.0,0.0,0.0,-0.003932427149266,4.14697096857708e-05,-0.0013818471925333,0.115474734166637,0.0498543610749766,-9.81260318040848,1188161.0
6.49,0.1000000014901161,161.0,25.18625259399414,0.1431319266557693,0.0,0.0,0.0,0.0,0.0,-0.0,1.0,0.0,0.0,0.0,0.0056203482672572,0.0032542236149311,0.0090853814035654,0.1086943211685866,0.0748289474565535,-9.813356301784516,1188161.0
6.6,0.1000000014901161,163.0,24.888263702392567,8.063098907470701,0.0,0.0,0.0,0.0,0.0,-0.0,1.0,0.0,0.0,0.0,-0.0059826862998306,-0.0057551967911422,-0.0106557244434952,0.110846937065944,0.0752938604867085,-9.810539113283156,1188161.0
6.79,0.1000000014901161,168.0,25.183748245239247,0.1192766055464744,0.0,0.0,0.0,0.0,0.0,-0.0,1.0,0.0,0.0,0.0,-0.0090507920831441,0.0049237259663641,-0.0032716810237616,0.1252613560482859,0.0549731004517525,-9.814470781087875,1188161.0
6.91,0.1000000014901161,170.0,25.201276779174805,0.1033730581402778,0.0,0.0,0.0,0.0,0.0,-0.0,1.0,0.0,0.0,0.0,-0.0031719650141894,0.0009813141077756,-0.0030204304493963,0.0796572675090283,0.0792651751544326,-9.779023205637932,1188161.0
7.09,0.2000000029802322,173.0,25.17623519897461,0.1669872552156448,0.0,0.0,0.0,0.0,0.0,-0.0,1.0,0.0,0.0,0.0,-0.0003838283882942,-0.0036043715663254,-0.0080821504816412,0.1113988959509879,0.0585905443690717,-9.8095608741045,1188161.0
7.2,0.1000000014901161,175.0,25.19626808166504,0.1272283792495727,0.0,0.0,0.0,0.0,0.0,-0.0,1.0,0.0,0.0,0.0,0.0060796015895903,0.0092363860458135,-0.0012008664198219,0.1176213840767741,0.0625823928136378,-9.797078238129616,1188161.0
7.39,0.1000000014901161,178.0,25.20252799987793,0.1033730581402778,0.0,0.0,0.0,0.0,0.0,-0.0,1.0,0.0,0.0,0.0,-0.0022017427254468,0.004615340847522,-0.0050001540221273,0.1203508917521685,0.0478460754733532,-9.806910331249238,1188161.0
7.5,0.1000000014901161,180.0,25.17748832702637,0.2226496636867523,0.0,0.0,0.0,0.0,0.0,-0.0,1.0,0.0,0.0,0.0,0.0038188425824046,0.0074402359314262,0.0098104011267423,0.1164893722627312,0.0519385051634162,-9.80400426506996,1188161.0
7.7,0.1000000014901161,179.0,25.17999267578125,0.3419262766838074,0.0,0.0,0.0,0.0,0.0,-0.0,1.0,0.0,0.0,0.0,0.0043827588669955,0.002092843176797,0.0039933063089847,0.1122196074854582,0.0727179929707199,-9.798728322386742,1188161.0
7.8,0.1000000014901161,177.0,25.17623519897461,0.3419262766838074,0.0,0.0,0.0,0.0,0.0,-0.0,1.0,0.0,0.0,0.0,-0.0005516806268133,0.0005161432200111,0.0081179086118936,0.112517815483734,0.0506346126180142,-9.799879054427148,1188161.0
7.99,0.1000000014901161,171.0,25.17623519897461,0.3578298389911652,0.0,0.0,0.0,0.0,0.0,-0.0,1.0,0.0,0.0,0.0,0.0083373561501502,4.499680289882235e-05,0.008354372344911,0.1102540476713329,0.0688215226633474,-9.797495729327204,1188161.0
8.09,0.1000000014901161,166.0,25.1724796295166,0.3419262766838074,0.0,0.0,0.0,0.0,0.0,-0.0,1.0,0.0,0.0,0.0,-0.0098566776141524,-0.006208152975887,-0.0044259773567318,0.1151749364566058,0.0516681993473321,-9.810254938602448,1188161.0
8.29,0.1000000014901161,163.0,25.17373085021973,0.3657816052436829,0.0,0.0,0.0,0.0,0.0,-0.0,1.0,0.0,0.0,0.0,0.0051170401275157,0.0069370283745229,0.0082628922536969,0.1071885809116065,0.0759441667981445,-9.81936723947525,1188161.0
8.39,0.1000000014901161,162.0,25.16997528076172,0.4055404663085937,0.0,0.0,0.0,0.0,0.0,-0.0,1.0,0.0,0.0,0.0,-0.010984431952238,-0.0046035489067435,-0.0082620251923799,0.1105570430774241,0.074060212187469,-9.810534435510636,1188161.0
8.59,0.1000000014901161,161.0,25.158706665039062,0.3896369338035584,0.0,0.0,0.0,0.0,0.0,-0.0,1.0,0.0,0.0,0.0,-0.0007077243062667,0.0057661524042487,0.0063880798406898,0.1079518252797424,0.0744289248157292,-9.813021841049196,1188161.0
8.69,0.1000000014901161,161.0,25.16997528076172,0.3816851377487183,0.0,0.0,0.0,0.0,0.0,-0.0,1.0,0.0,0.0,0.0,-0.0029110461473464,-0.0007223499706014,-0.0067061800509691,0.1001182191073894,0.0766314795892685,-9.806604521870613,1188161.0
8.89,0.2000000029802322,159.0,25.163715362548828,0.4055404663085937,0.0,0.0,0.0,0.0,0.0,-0.0,1.0,0.0,0.0,0.0,-0.0085214488208293,-0.0077357669360935,-0.0065846987999975,0.105860888371244,0.0499552027042955,-9.814211164712908,1188161.0
9.0,0.2000000029802322,159.0,25.157455444335927,0.4055404663085937,0.0,0.0,0.0,0.0,0.0,-0.0,1.0,0.0,0.0,0.0,0.0037550886627286,-0.0044562732800841,-0.0006661573424935,0.1257217968720942,0.0645958084333688,-9.815537313222883,1188161.0
9.19,0.2000000029802322,157.0,25.168724060058597,0.3975887000560761,0.0,0.0,0.0,0.0,0.0,-0.0,1.0,0.0,0.0,0.0,-0.0096670603379607,-0.0070802113041281,-0.011409405618906,0.1234849902056157,0.0390685916505754,-9.805164352655412,1188161.0
9.3,0.2000000029802322,156.0,25.163715362548828,0.3816851377487183,0.0,0.0,0.0,0.0,0.0,-0.0,1.0,0.0,0.0,0.0,0.0052780942060053,0.0134928990155458,0.0114092202857136,0.1167946151923388,0.0498101095296442,-9.811644237041474,1188161.0
9.49,0.2000000029802322,157.0,25.16747093200684,0.3975887000560761,0.0,0.0,0.0,0.0,0.0,-0.0,1.0,0.0,0.0,0.0,0.0014919814420863,0.0064769140444695,-0.0026812360156327,0.1174233096465468,0.0642577982554212,-9.816574609279632,1188161.0
9.6,0.2000000029802322,157.0,25.163715362548828,0.4055404663085937,0.0,0.0,0.0,0.0,0.0,-0.0,1.0,0.0,0.0,0.0,0.0012256500776857,0.0074344589374959,0.0085644386708736,0.1093751928862184,0.0407556686829775,-9.801034464240075,1188161.0
9.8,0.2000000029802322,160.0,25.163715362548828,0.3896369338035584,0.0,0.0,0.0,0.0,0.0,-0.0,1.0,0.0,0.0,0.0,0.0075427475385367,0.0021095369011163,0.011004265397787,0.0975524791516363,0.0720618166029453,-9.802686887383464,1188161.0
9.9,0.2000000029802322,160.0,25.16621971130371,0.3816851377487183,0.0,0.0,0.0,0.0,0.0,-0.0,1.0,0.0,0.0,0.0,-0.006640781648457,-0.0043638674542307,-0.0062728691846132,0.1002164614666253,0.0513730108877643,-9.79901132762432,1188161.0
10.09,0.2000000029802322,160.0,25.16246223449707,0.3737333714962005,0.0,0.0,0.0,0.0,0.0,-0.0,1.0,0.0,0.0,0.0,0.0008056489750742,0.0020473697222769,0.0111017767339944,0.1008409806434065,0.0691891572112217,-9.8055397439003,1188161.0
10.2,0.2000000029802322,159.0,25.158706665039062,0.3816851377487183,0.0,0.0,0.0,0.0,0.0,-0.0,1.0,0.0,0.0,0.0,-0.0099667636677622,-0.0123781403526663,-0.0135012492537498,0.1117921394761651,0.0649669695831835,-9.800591245293615,1188161.0
10.39,0.2000000029802322,159.0,25.163715362548828,0.3975887000560761,0.0,0.0,0.0,0.0,0.0,-0.0,1.0,0.0,0.0,0.0,-0.0065945046953856,-0.0071140476502478,-0.0017890190938487,0.114472073726356,0.0490327130723744,-9.801979959011078,1188161.0
10.5,0.2000000029802322,158.0,25.16246223449707,0.3816851377487183,0.0,0.0,0.0,0.0,0.0,-0.0,1.0,0.0,0.0,0.0,0.000395623530494,-0.0096280584111809,-0.006993543356657,0.114265868011862,0.0748530124034732,-9.797979878783226,1188161.0
10.69,0.2000000029802322,158.0,25.16246223449707,0.3816851377487183,0.0,0.0,0.0,0.0,0.0,-0.0,1.0,0.0,0.0,0.0,-0.0088842185214161,-0.0084858294576406,-0.0065203239209949,0.1284280527289956,0.0521669759787619,-9.817404913902283,1188161.0
10.8,0.2000000029802322,157.0,25.14994239807129,0.4055404663085937,0.0,0.0,0.0,0.0,0.0,-0.0,1.0,0.0,0.0,0.0,0.0036233970895409,0.0009196398314088,0.0043103541247546,0.1133192951604724,0.0525641937833279,-9.79757583618164,1188161.0
11.0,0.1000000014901161,155.0,25.164966583251957,0.4293957948684693,0.0,0.0,0.0,0.0,0.0,-0.0,1.0,0.0,0.0,0.0,-0.0112258056178689,-0.0027030827477574,-0.0117929205298423,0.125365938981995,0.0469416025746613,-9.80916735649109,1188161.0
11.09,0.1000000014901161,155.0,25.148691177368164,0.3816851377487183,0.0,0.0,0.0,0.0,0.0,-0.0,1.0,0.0,0.0,0.0,0.0028486351948231,0.0087226694449782,0.0087402109056711,0.1344625254627317,0.0514926778106018,-9.815108127593994,1188161.0
11.29,0.1000000014901161,155.0,25.163715362548828,0.3737333714962005,0.0,0.0,0.0,0.0,0.0,-0.0,1.0,0.0,0.0,0.0,-0.00497472519055,-0.0027471261564642,-0.0041422098875045,0.1315521743707358,0.049278136244975,-9.819835016727447,1188161.0
11.4,0.1000000014901161,155.0,25.163715362548828,0.3896369338035584,0.0,0.0,0.0,0.0,0.0,-0.0,1.0,0.0,0.0,0.0,0.0107828890904784,0.0115518318489193,0.0118153383955359,0.1185578339360654,0.0570869922498241,-9.809278453588488,1188161.0
11.59,0.1000000014901161,158.0,25.148691177368164,0.3737333714962005,0.0,0.0,0.0,0.0,0.0,-0.0,1.0,0.0,0.0,0.0,-0.0022355730179697,0.0049276011995971,-8.208239160012454e-05,0.1138212055340409,0.0585793067514896,-9.811785739660264,1188161.0
11.7,0.1000000014901161,157.0,25.164966583251957,0.3896369338035584,0.0,0.0,0.0,0.0,0.0,-0.0,1.0,0.0,0.0,0.0,0.0024623908102512,0.0135657843202352,0.0101956473663449,0.1234699884429574,0.0516576104052364,-9.81400651216507,1188161.0
11.89,0.1000000014901161,157.0,25.14994239807129,0.3975887000560761,0.0,0.0,0.0,0.0,0.0,-0.0,1.0,0.0,0.0,0.0,0.0032983275596052,0.014188296161592,-0.0016679040854796,0.1048023139312863,0.0711813172884285,-9.809307104945184,1188161.0
12.0,0.1000000014901161,157.0,25.16621971130371,0.3896369338035584,0.0,0.0,0.0,0.0,0.0,-0.0,1.0,0.0,0.0,0.0,-0.0017901274841278,0.0128990914672613,0.0075631500221788,0.1052923471480608,0.0457852060440927,-9.7988552069664,1188161.0
12.19,0.1000000014901161,157.0,25.158706665039062,0.3975887000560761,0.0,0.0,0.0,0.0,0.0,-0.0,1.0,0.0,0.0,0.0,0.0062131695449352,0.0122429821640253,0.0093266032636165,0.0949223284609616,0.0808814003784209,-9.804008942842485,1188161.0
12.3,0.1000000014901161,158.0,25.161211013793945,0.3737333714962005,0.0,0.0,0.0,0.0,0.0,-0.0,1.0,0.0,0.0,0.0,-0.0053381365723907,0.001726429327391,-0.0084388898685574,0.0990274118911475,0.0531485179206356,-9.798191547989845,1188161.0
12.49,0.1000000014901161,161.0,25.14994239807129,0.3816851377487183,0.0,0.0,0.0,0.0,0.0,-0.0,1.0,0.0,0.0,0.0,0.0072722071781754,0.0083183320239186,0.0122170159593224,0.0964060502965003,0.0728796913241967,-9.801144391894342,1188161.0
12.59,0.1000000014901161,163.0,25.148691177368164,0.3339745104312897,0.0,0.0,0.0,0.0,0.0,-0.0,1.0,0.0,0.0,0.0,-0.0109271919354796,-0.007959246635437,-0.0112166991457343,0.0980953657161444,0.0811611531022936,-9.810608110427856,1188161.0
12.79,0.1000000014901161,166.0,25.14117813110352,0.3498780429363251,0.0,0.0,0.0,0.0,0.0,-0.0,1.0,0.0,0.0,0.0,-0.0022474136203527,-0.0077194278128445,0.0031638029031455,0.0912103058304637,0.0599816243816167,-9.800081368088724,1188161.0
12.9,0.1000000014901161,168.0,25.157455444335927,0.3737333714962005,0.0,0.0,0.0,0.0,0.0,-0.0,1.0,0.0,0.0,0.0,-0.00565399043262,-0.0153781687840819,-0.0105153871700167,0.1021039883606136,0.0735231180209666,-9.807505577802658,1188161.0
13.09,0.1000000014901161,170.0,25.14994239807129,0.3498780429363251,0.0,0.0,0.0,0.0,0.0,-0.0,1.0,0.0,0.0,0.0,-0.014647233299911,-0.0161500796675682,-0.0073219565674662,0.1203996520489454,0.051511754351668,-9.82469873070717,1188161.0
13.2,0.1000000014901161,170.0,25.157455444335927,0.3975887000560761,0.0,0.0,0.0,0.0,0.0,-0.0,1.0,0.0,0.0,0.0,0.0019327320624142,-0.0086960569024086,-0.0011888445587828,0.1070665476936847,0.0677659586258232,-9.803755173683166,1188161.0
13.39,0.1000000014901161,171.0,25.15244674682617,0.3419262766838074,0.0,0.0,0.0,0.0,0.0,-0.0,1.0,0.0,0.0,0.0,-0.0094795050099492,-0.0123668760061264,-0.0108562940731644,0.1225854600314051,0.0336510664061643,-9.804598342180253,1188161.0
13.49,0.1000000014901161,170.0,25.14242935180664,0.3419262766838074,0.0,0.0,0.0,0.0,0.0,-0.0,1.0,0.0,0.0,0.0,0.0065416148863732,-0.0024596317671239,0.0110522406175732,0.1333282752614468,0.064945147591643,-9.820744843482972,1188161.0
13.69,0.1000000014901161,169.0,25.157455444335927,0.3816851377487183,0.0,0.0,0.0,0.0,0.0,-0.0,1.0,0.0,0.0,0.0,-0.0001205178341479,-0.008207531645894,-0.0052078464068472,0.1148621378280222,0.0737581715220585,-9.81675704240799,1188161.0
13.8,0.1000000014901161,168.0,25.14743804931641,0.4134922325611114,0.0,0.0,0.0,0.0,0.0,-0.0,1.0,0.0,0.0,0.0,-0.0022732147481292,0.0010555546032264,0.0064878594130277,0.1210481539461761,0.0376643965160474,-9.79957499921322,1188161.0
13.99,0.1000000014901161,165.0,25.15995979309082,0.4214440286159515,0.0,0.0,0.0,0.0,0.0,-0.0,1.0,0.0,0.0,0.0,0.0079696122556924,0.0028092975262552,0.0057334960438311,0.115297417351976,0.0675874769361689,-9.796794648170472,1188161.0
14.1,0.1000000014901161,163.0,25.14994239807129,0.3975887000560761,0.0,0.0,0.0,0.0,0.0,-0.0,1.0,0.0,0.0,0.0,-0.0067594461143016,-0.0077896788716316,-0.0043878452852368,0.12742202100344,0.0562735943030566,-9.808722383379935,1188161.0
14.29,0.1000000014901161,158.0,25.148691177368164,0.3975887000560761,0.0,0.0,0.0,0.0,0.0,-0.0,1.0,0.0,0.0,0.0,0.0048157521523535,0.002014186233282,0.0117783732712268,0.1241673054546117,0.0800196212902665,-9.81370245695114,1188161.0
14.39,0.1000000014901161,157.0,25.148691177368164,0.4055404663085937,0.0,0.0,0.0,0.0,0.0,-0.0,1.0,0.0,0.0,0.0,-0.0121596464887261,-0.0126452557742595,-0.0089943185448646,0.1217464850842952,0.0742317868536338,-9.814075509309768,1188161.0
14.59,0.1000000014901161,160.0,25.14743804931641,0.3657816052436829,0.0,0.0,0.0,0.0,0.0,-0.0,1.0,0.0,0.0,0.0,-0.0023785708472132,-0.0008781882352195,-0.0012740683741867,0.1258248723205179,0.0544558685459196,-9.805723931193352,1188161.0
14.7,0.1000000014901161,159.0,25.15620231628418,0.3896369338035584,0.0,0.0,0.0,0.0,0.0,-0.0,1.0,0.0,0.0,0.0,-0.0039302380755543,-0.0061564515344798,-0.0037723511923104,0.1252254870347678,0.0704913595458492,-9.808294367194176,1188161.0
14.89,0.1000000014901161,160.0,25.161211013793945,0.3975887000560761,0.0,0.0,0.0,0.0,0.0,-0.0,1.0,0.0,0.0,0.0,-0.0134746963158249,-0.0055349711328744,-0.0068541974760591,0.1266969297174364,0.048651821790263,-9.810719207525256,1188161.0
15.0,0.1000000014901161,160.0,25.15119552612305,0.3896369338035584,0.0,0.0,0.0,0.0,0.0,-0.0,1.0,0.0,0.0,0.0,0.0049986457452178,0.0030202225316315,0.0071055646985769,0.1148476659692824,0.056999083016999,-9.79870785713196,1188161.0
15.19,0.1000000014901161,163.0,25.158706665039062,0.3896369338035584,0.0,0.0,0.0,0.0,0.0,-0.0,1.0,0.0,0.0,0.0,-0.0046399035491049,0.0013371012173593,-0.0085352715104818,0.1236296813841909,0.0433735447889193,-9.81132380962372,1188161.0
15.29,0.1000000014901161,163.0,25.158706665039062,0.3975887000560761,0.0,0.0,0.0,0.0,0.0,-0.0,1.0,0.0,0.0,0.0,0.0068986476399004,0.0127650871872901,0.0122287152335047,0.12484638646245,0.0381346611189656,-9.802933639883996,1188161.0
15.49,0.1000000014901161,162.0,25.15995979309082,0.3896369338035584,0.0,0.0,0.0,0.0,0.0,-0.0,1.0,0.0,0.0,0.0,0.0085482699796557,0.0123457163572311,0.0025334113743156,0.1182595345750451,0.0601207744097337,-9.79962645471096,1188161.0
15.59,0.1000000014901161,161.0,25.15620231628418,0.3896369338035584,0.0,0.0,0.0,0.0,0.0,-0.0,1.0,0.0,0.0,0.0,-0.000615123019088,0.0125733483582735,0.0069696619175374,0.1271621305402368,0.0519190951483324,-9.812930624485016,1188161.0
15.79,0.1000000014901161,160.0,25.15995979309082,0.3975887000560761,0.0,0.0,0.0,0.0,0.0,-0.0,1.0,0.0,0.0,0.0,0.0070454715751111,0.0144529556855559,0.0086663290858268,0.1114486064203083,0.0868615762330591,-9.8200747525692,1188161.0
15.9,0.1000000014901161,160.0,25.158706665039062,0.3896369338035584,0.0,0.0,0.0,0.0,0.0,-0.0,1.0,0.0,0.0,0.0,-0.0074667707085609,0.0050941812805831,-0.0007101332303136,0.1018279997818172,0.0502443246776238,-9.79139708340168,1188161.0
16.09,0.1000000014901161,157.0,25.144933700561523,0.3816851377487183,0.0,0.0,0.0,0.0,0.0,-0.0,1.0,0.0,0.0,0.0,0.0044672256335616,0.0135906655341386,0.009040261618793,0.0996989646088332,0.0598080717120319,-9.79691042304039,1188161.0
16.19,0.1000000014901161,155.0,25.14618682861328,0.3975887000560761,0.0,0.0,0.0,0.0,0.0,-0.0,1.0,0.0,0.0,0.0,-0.0071983993984758,0.0013759321300312,-0.0070609031245112,0.1223209557496011,0.0839785060565918,-9.825415599346162,1188161.0
16.4,0.1000000014901161,154.0,25.153697967529297,0.3578298389911652,0.0,0.0,0.0,0.0,0.0,-0.0,1.0,0.0,0.0,0.0,-0.0061707240529358,0.0049702217802405,-0.0019238274544477,0.1083852684125304,0.0564359093550592,-9.811230254173278,1188161.0
16.59,0.1000000014901161,156.0,25.157455444335927,0.3975887000560761,0.0,0.0,0.0,0.0,0.0,-0.0,1.0,0.0,0.0,0.0,0.0056240637786686,0.0099179549142718,0.0092557370662689,0.1092983111366629,0.0721583733195439,-9.81056951880455,1188161.0
16.7,0.1000000014901161,160.0,25.158706665039062,0.3975887000560761,0.0,0.0,0.0,0.0,0.0,-0.0,1.0,0.0,0.0,0.0,-0.0087224077433347,0.0024328127037733,-0.0095782242715358,0.0983818975556642,0.0792437597271055,-9.81709033370018,1188161.0
16.89,0.0,158.0,25.148691177368164,0.3975887000560761,0.0,0.0,0.0,0.0,0.0,-0.0,1.0,0.0,0.0,0.0,-0.00171586999204,0.0075710993260145,0.0006881015142425,0.1067376874946057,0.0478861745819449,-9.806225037574768,1188161.0
17.0,0.0,156.0,25.1436824798584,0.4055404663085937,0.0,0.0,0.0,0.0,0.0,-0.0,1.0,0.0,0.0,0.0,-0.0024439340922981,0.0007173110498115,-0.0119431223720312,0.1037186421453952,0.0893605117499828,-9.811676981449128,1188161.0
17.19,0.0,152.0,25.15620231628418,0.3896369338035584,0.0,0.0,0.0,0.0,0.0,-0.0,1.0,0.0,0.0,0.0,-0.009797528386116,-0.002585417125374,-0.0088205635547637,0.1026811816357076,0.0539151244377717,-9.826150009632109,1188161.0
17.3,0.0,150.0,25.157455444335927,0.3975887000560761,0.0,0.0,0.0,0.0,0.0,-0.0,1.0,0.0,0.0,0.0,0.0028560170903801,0.000455135537777,-0.0036101958248764,0.0789255889691412,0.058189155855216,-9.778355453610422,1188161.0
17.49,0.0,148.0,25.144933700561523,0.3816851377487183,0.0,0.0,0.0,0.0,0.0,-0.0,1.0,0.0,0.0,0.0,-0.004528344143182,-0.0096473274752497,-0.0137477507814764,0.0883334665931761,0.0510759403556585,-9.794005526304243,1188161.0
17.6,0.0,151.0,25.13992691040039,0.3896369338035584,0.0,0.0,0.0,0.0,0.0,-0.0,1.0,0.0,0.0,0.0,0.0065952292643487,7.564225234091282e-05,0.0058911377564072,0.0927146573737263,0.0513008571602404,-9.812828882932664,1188161.0
17.79,0.0,157.0,25.15495109558105,0.3816851377487183,0.0,0.0,0.0,0.0,0.0,-0.0,1.0,0.0,0.0,0.0,0.0004682923026848,-0.0089058196172118,-0.0048054698854684,0.0845386693160981,0.0550929318275302,-9.787726786136629,1188161.0
17.91,0.0,157.0,25.15620231628418,0.3975887000560761,0.0,0.0,0.0,0.0,0.0,-0.0,1.0,0.0,0.0,0.0,-9.720897651277484e-05,-0.0025160498917102,0.0081964572891592,0.1202207181137055,0.0482963430555537,-9.821867508888245,1188161.0
18.09,0.0,153.0,25.153697967529297,0.4532511234283447,0.0,0.0,0.0,0.0,0.0,-0.0,1.0,0.0,0.0,0.0,0.0066819218918681,-0.007673633750528,0.0012690539006143,0.1070877438504249,0.0695673167472705,-9.816608523130418,1188161.0
18.2,0.0,150.0,25.163715362548828,0.3816851377487183,0.0,0.0,0.0,0.0,0.0,-0.0,1.0,0.0,0.0,0.0,-0.0047809612005949,-0.0092798518016934,-0.000481322815176,0.1333220077771693,0.0512244687695056,-9.816262367963793,1188161.0
18.39,0.0,152.0,25.157455444335927,0.3896369338035584,0.0,0.0,0.0,0.0,0.0,-0.0,1.0,0.0,0.0,0.0,0.0088854609057307,-0.0014842280652374,0.0093446373939514,0.1081045381072908,0.0813165337219834,-9.810909826755523,1188161.0
18.5,0.0,158.0,25.14117813110352,0.3816851377487183,0.0,0.0,0.0,0.0,0.0,-0.0,1.0,0.0,0.0,0.0,-0.0134929865598678,-0.0147036835551261,-0.0112344175577163,0.1259385458473116,0.0737110603228211,-9.805516939759254,1188161.0
18.7,0.0,170.0,25.15495109558105,0.3816851377487183,0.0,0.0,0.0,0.0,0.0,-0.0,1.0,0.0,0.0,0.0,0.0001585920690558,-0.0002324808592675,0.0073889647610485,0.135300870006904,0.0661180716427043,-9.814231045246125,1188161.0
18.79,0.0,174.0,25.15119552612305,0.3896369338035584,0.0,0.0,0.0,0.0,0.0,-0.0,1.0,0.0,0.0,0.0,-0.0103604411706328,-0.0059848916716873,-0.0102352844551205,0.1190152141079306,0.0711354394862428,-9.795597138404847,1188161.0
18.99,0.1000000014901161,180.0,25.15495109558105,0.3816851377487183,0.0,0.0,0.0,0.0,0.0,-0.0,1.0,0.0,0.0,0.0,-0.0025145979598164,-0.0030463610310107,-0.0039070276543498,0.1256944337300956,0.0511403602268546,-9.804306566119196,1188161.0
19.09,0.1000000014901161,178.0,25.134918212890625,0.3896369338035584,0.0,0.0,0.0,0.0,0.0,-0.0,1.0,0.0,0.0,0.0,-0.0008068638853728,0.0017315269215032,-0.0058827940374612,0.1065028212871402,0.0648060523811727,-9.790556253790855,1188161.0
19.29,0.1000000014901161,168.0,25.15495109558105,0.3975887000560761,0.0,0.0,0.0,0.0,0.0,-0.0,1.0,0.0,0.0,0.0,-0.0103988517075777,0.0006064336048439,-0.0052574481815099,0.1368528580851853,0.0428404979920014,-9.816772245168686,1188161.0
19.4,0.1000000014901161,164.0,25.14618682861328,0.3975887000560761,0.0,0.0,0.0,0.0,0.0,-0.0,1.0,0.0,0.0,0.0,0.0032176962122321,0.0094179948791861,0.0009821999119594,0.1210274876933544,0.0538787620654329,-9.795483702421189,1188161.0
19.59,0.1000000014901161,160.0,25.15119552612305,0.3657816052436829,0.0,0.0,0.0,0.0,0.0,-0.0,1.0,0.0,0.0,0.0,-0.0087330918759107,0.0021361508406698,-0.0087119471281766,0.1097831823583692,0.0709724483499303,-9.802239575386048,1188161.0
19.69,0.1000000014901161,158.0,25.15244674682617,0.3657816052436829,0.0,0.0,0.0,0.0,0.0,-0.0,1.0,0.0,0.0,0.0,0.0082015693187713,0.0106262126937508,0.0093587581068277,0.1064688526187092,0.049907991006039,-9.799169787168504,1188161.0
19.89,0.1000000014901161,152.0,25.14743804931641,0.3578298389911652,0.0,0.0,0.0,0.0,0.0,-0.0,1.0,0.0,0.0,0.0,-0.0021244380623102,0.0011992378858849,-0.0085993893444538,0.1220826177578419,0.0621506901411339,-9.825826073884963,1188161.0
19.99,0.1000000014901161,147.0,25.13366508483887,0.3737333714962005,0.0,0.0,0.0,0.0,0.0,-0.0,1.0,0.0,0.0,0.0,0.005880354437977,0.0145359933376312,0.0107137532904744,0.1228954538237303,0.0419322289712727,-9.81206055879593,1188161.0
20.19,0.1000000014901161,138.0,25.15244674682617,0.3816851377487183,0.0,0.0,0.0,0.0,0.0,-0.0,1.0,0.0,0.0,0.0,0.0032358523458242,0.0075132381170988,-0.0034706236328929,0.1127864584978669,0.0725780891999602,-9.816037834882737,1188161.0
20.3,0.1000000014901161,134.0,25.144933700561523,0.3657816052436829,0.0,0.0,0.0,0.0,0.0,-0.0,1.0,0.0,0.0,0.0,0.0052674408070743,0.0097870491445064,0.007055155467242,0.1183847928978502,0.0381340375682339,-9.813136446475983,1188161.0
20.49,0.1000000014901161,127.0,25.144933700561523,0.3180709481239319,0.0,0.0,0.0,0.0,0.0,-0.0,1.0,0.0,0.0,0.0,0.0058814072981476,0.0006473800167441,0.0035339205060154,0.1088648314587772,0.0770358876418322,-9.809400660395625,1188161.0
20.59,0.1000000014901161,122.0,25.134918212890625,0.3816851377487183,0.0,0.0,0.0,0.0,0.0,-0.0,1.0,0.0,0.0,0.0,-0.0017502740956842,0.005064817611128,0.002918146084994,0.0939962848182767,0.0352980511821806,-9.791173135042191,1188161.0
20.69,0.1000000014901161,122.0,25.148691177368164,0.3816851377487183,0.0,0.0,0.0,0.0,0.0,-0.0,1.0,0.0,0.0,0.0,-0.0062724174931645,-0.0034879653248935,-0.0118660479784011,0.094442290328443,0.0608961334777996,-9.784450006484986,1188161.0
20.9,0.0,125.0,25.14994239807129,0.3975887000560761,0.0,0.0,0.0,0.0,0.0,-0.0,1.0,0.0,0.0,0.0,-0.0044809719547629,-0.0022528998088091,-0.0058829616755247,0.1060574004985392,0.0567813793011009,-9.806207495927811,1188161.0
21.0,0.0,131.0,25.14618682861328,0.3896369338035584,0.0,0.0,0.0,0.0,0.0,-0.0,1.0,0.0,0.0,0.0,-0.0005337445763871,-0.0104281594976782,-0.0036792522296309,0.0987820481043309,0.0668389191292226,-9.79982701420784,1188161.0
21.2,0.0,134.0,25.15495109558105,0.4055404663085937,0.0,0.0,0.0,0.0,0.0,-0.0,1.0,0.0,0.0,0.0,-0.0061430325731635,-0.0132203875109553,-0.0126486178487539,0.1088313652854412,0.073950992594473,-9.80976377248764,1188161.0
21.29,0.0,138.0,25.15620231628418,0.4055404663085937,0.0,0.0,0.0,0.0,0.0,-0.0,1.0,0.0,0.0,0.0,0.0047971922904253,-0.0077443071641027,0.0011694770073518,0.1006474469415843,0.0653286198712885,-9.810936723947526,1188161.0
21.49,0.0,141.0,25.15119552612305,0.3896369338035584,0.0,0.0,0.0,0.0,0.0,-0.0,1.0,0.0,0.0,0.0,-0.0060658687725663,-0.0179753024131059,-0.0080432100221514,0.105930662099272,0.0851351949479431,-9.801561883091926,1188161.0
21.59,0.0,141.0,25.15244674682617,0.3896369338035584,0.0,0.0,0.0,0.0,0.0,-0.0,1.0,0.0,0.0,0.0,0.0086225811392068,-0.0053096078336238,0.0067317951470613,0.1161706167832017,0.060325107187964,-9.820020958185196,1188161.0
21.8,0.0,140.0,25.13992691040039,0.3896369338035584,0.0,0.0,0.0,0.0,0.0,-0.0,1.0,0.0,0.0,0.0,0.0008703092462383,-0.0122666461393237,-0.0016964041860774,0.1024084547068923,0.071562190297991,-9.794225966334343,1188161.0
21.9,0.0,139.0,25.14994239807129,0.3975887000560761,0.0,0.0,0.0,0.0,0.0,-0.0,1.0,0.0,0.0,0.0,0.0054120668210089,-0.0059253252111375,0.0071472437120974,0.1207684194948524,0.043889931589365,-9.80778858304024,1188161.0
22.09,0.0,140.0,25.15244674682617,0.3816851377487183,0.0,0.0,0.0,0.0,0.0,-0.0,1.0,0.0,0.0,0.0,0.0066244639456272,-0.0068698874674737,0.0087964003905653,0.1251538038253784,0.066607629773207,-9.813441671133043,1188161.0
22.29,0.0,145.0,25.15244674682617,0.3896369338035584,0.0,0.0,0.0,0.0,0.0,-0.0,1.0,0.0,0.0,0.0,-0.0061886380426585,-0.0155565477907657,-0.0124611249193549,0.125516166742891,0.0568508515320718,-9.815610988140104,1188161.0
22.39,0.0,142.0,25.15119552612305,0.3896369338035584,0.0,0.0,0.0,0.0,0.0,-0.0,1.0,0.0,0.0,0.0,0.004828305914998,-0.0018790530739352,0.0064135175198316,0.1206364642828703,0.037430322880391,-9.792563602924348,1188161.0
22.49,0.1000000014901161,134.0,25.15244674682617,0.3816851377487183,0.0,0.0,0.0,0.0,0.0,-0.0,1.0,0.0,0.0,0.0,-0.0095054041594266,-0.0119480770081281,-0.0106780538335442,0.1188194694276899,0.0585082082636654,-9.795843306183816,1188161.0
22.69,0.1000000014901161,130.0,25.15244674682617,0.3816851377487183,0.0,0.0,0.0,0.0,0.0,-0.0,1.0,0.0,0.0,0.0,-0.0019879399333149,-0.0039814063347876,0.0081740133464336,0.1238758308906108,0.0511010559741407,-9.805192419290542,1188161.0
22.89,0.1000000014901161,123.0,25.15119552612305,0.3896369338035584,0.0,0.0,0.0,0.0,0.0,-0.0,1.0,0.0,0.0,0.0,0.0049237729981541,-0.0008663891348987,0.0052044386975467,0.1065305498801172,0.0438236616225913,-9.787445535063744,1188161.0
23.0,0.1000000014901161,120.0,25.153697967529297,0.3975887000560761,0.0,0.0,0.0,0.0,0.0,-0.0,1.0,0.0,0.0,0.0,-0.007861808873713,-0.0043685510754585,-0.001872354070656,0.1045861405413597,0.0473188941646367,-9.779369945526122,1188161.0
23.09,0.1000000014901161,116.0,25.14618682861328,0.3896369338035584,0.0,0.0,0.0,0.0,0.0,-0.0,1.0,0.0,0.0,0.0,-0.0043798489496111,-0.0054607591591775,-0.0076383245177567,0.1118812821060419,0.0760811104159802,-9.800256199836731,1188161.0
23.3,0.1000000014901161,118.0,25.1436824798584,0.3896369338035584,0.0,0.0,0.0,0.0,0.0,-0.0,1.0,0.0,0.0,0.0,-0.007590755354613,-0.011404039338231,-0.0081476988270878,0.1218321742024272,0.073614033088088,-9.824674172401428,1188161.0
23.39,0.1000000014901161,118.0,25.15119552612305,0.3975887000560761,0.0,0.0,0.0,0.0,0.0,-0.0,1.0,0.0,0.0,0.0,0.0024042336735874,-0.0029065827839076,0.0012154488358646,0.1167798692453652,0.0554154971335083,-9.79462533116341,1188161.0
23.61,0.1000000014901161,118.0,25.14994239807129,0.3975887000560761,0.0,0.0,0.0,0.0,0.0,-0.0,1.0,0.0,0.0,0.0,-0.0075426092371344,-0.0098020937293767,-0.0085904039442539,0.1166234105452895,0.0644273949181661,-9.79494985163212,1188161.0
23.79,0.1000000014901161,119.0,25.14242935180664,0.3896369338035584,0.0,0.0,0.0,0.0,0.0,-0.0,1.0,0.0,0.0,0.0,0.0058383527211844,0.0003983711940236,0.0070422361604869,0.1328074802085757,0.0573223837930709,-9.809529299139976,1188161.0
23.9,0.1000000014901161,120.0,25.148691177368164,0.3816851377487183,0.0,0.0,0.0,0.0,0.0,-0.0,1.0,0.0,0.0,0.0,-0.0010660846019163,-0.0029325957875698,-0.004388062749058,0.1341964954230934,0.0773771731741726,-9.819928572177886,1188161.0
24.09,0.1000000014901161,122.0,25.148691177368164,0.3737333714962005,0.0,0.0,0.0,0.0,0.0,-0.0,1.0,0.0,0.0,0.0,-0.0119780739769339,-0.011607589200139,-0.0088925650343298,0.1300801104214042,0.0770629036054015,-9.824329186677934,1188161.0
24.2,0.1000000014901161,124.0,25.138673782348643,0.3896369338035584,0.0,0.0,0.0,0.0,0.0,-0.0,1.0,0.0,0.0,0.0,0.0028932981658726,0.0049213771708309,0.0060853045433759,0.1280132110510021,0.0743306367751211,-9.81832526564598,1188161.0
24.3,0.1000000014901161,128.0,25.14242935180664,0.3896369338035584,0.0,0.0,0.0,0.0,0.0,-0.0,1.0,0.0,0.0,0.0,-0.0041140220127999,0.0028710344340652,0.0020940406247973,0.1021354354172945,0.0545372590469196,-9.798132491111756,1188161.0
24.49,0.1000000014901161,129.0,25.15119552612305,0.3896369338035584,0.0,0.0,0.0,0.0,0.0,-0.0,1.0,0.0,0.0,0.0,0.0043259807862341,0.0069886301644146,0.0102347405627369,0.1048546373751014,0.0414350923011079,-9.794683803319932,1188161.0
24.69,0.1000000014901161,132.0,25.13992691040039,0.3896369338035584,0.0,0.0,0.0,0.0,0.0,-0.0,1.0,0.0,0.0,0.0,-0.0119731202721595,-0.0051593380048871,-0.0085562756285071,0.1117073091678321,0.0553544713882729,-9.797193428277971,1188161.0
24.79,0.1000000014901161,133.0,25.144933700561523,0.3816851377487183,0.0,0.0,0.0,0.0,0.0,-0.0,1.0,0.0,0.0,0.0,-0.0036368719302117,-0.0022937450557947,0.0043137460015714,0.1092670102603733,0.039881793167442,-9.788281686902048,1188161.0
24.99,0.1000000014901161,136.0,25.14743804931641,0.3975887000560761,0.0,0.0,0.0,0.0,0.0,-0.0,1.0,0.0,0.0,0.0,0.0017313087591901,0.0048127109184861,0.0109745692461729,0.128572387592867,0.0634137389715761,-9.799221242666246,1188161.0
25.09,0.1000000014901161,137.0,25.13742256164551,0.3816851377487183,0.0,0.0,0.0,0.0,0.0,-0.0,1.0,0.0,0.0,0.0,-0.0117670772597193,-0.0038365758955478,-0.0061560841277241,0.1172328914143145,0.0715908233821392,-9.800351509451868,1188161.0
25.29,0.1000000014901161,135.0,25.134918212890625,0.3896369338035584,0.0,0.0,0.0,0.0,0.0,-0.0,1.0,0.0,0.0,0.0,0.0049870666116476,-0.0001754525437718,0.007280929479748,0.1432337966188788,0.0694518388062715,-9.837567282915115,1188161.0
25.4,0.1000000014901161,135.0,25.144933700561523,0.3975887000560761,0.0,0.0,0.0,0.0,0.0,-0.0,1.0,0.0,0.0,0.0,-0.0037274009082466,-0.0055623915977776,-0.0099995071068406,0.1405450367275625,0.0932218576502054,-9.832493069171909,1188161.0
25.6,0.1000000014901161,133.0,25.14994239807129,0.3816851377487183,0.0,0.0,0.0,0.0,0.0,-0.0,1.0,0.0,0.0,0.0,-0.0098813092336058,-0.0044509777799248,-0.0087775578722357,0.1214729998447001,0.0751453457772731,-9.811790417432782,1188161.0
25.7,0.1000000014901161,132.0,25.14994239807129,0.3975887000560761,0.0,0.0,0.0,0.0,0.0,-0.0,1.0,0.0,0.0,0.0,0.002304915105924,0.0051059457473456,0.0055044959299266,0.1195882046967744,0.0721719361189752,-9.823504729270937,1188161.0
25.79,0.1000000014901161,130.0,25.14743804931641,0.3816851377487183,0.0,0.0,0.0,0.0,0.0,-0.0,1.0,0.0,0.0,0.0,-0.0046504554338753,0.0040988265536725,0.0045231082476675,0.1311048897821456,0.0516430745925754,-9.828439779281618,1188161.0
25.99,0.1000000014901161,128.0,25.14618682861328,0.3816851377487183,0.0,0.0,0.0,0.0,0.0,-0.0,1.0,0.0,0.0,0.0,0.0046532615087926,0.0084946220740675,0.0132239926606416,0.1172130931075662,0.0336123217502608,-9.797158344984055,1188161.0
26.09,0.1000000014901161,126.0,25.144933700561523,0.3896369338035584,0.0,0.0,0.0,0.0,0.0,-0.0,1.0,0.0,0.0,0.0,-0.0106730889528989,-0.003182619344443,-0.0074931057170033,0.1108867803588509,0.0526342827128246,-9.787847823500634,1188161.0
26.29,0.1000000014901161,123.0,25.148691177368164,0.3975887000560761,0.0,0.0,0.0,0.0,0.0,-0.0,1.0,0.0,0.0,0.0,0.0034785717725753,0.0050508915446698,0.0042342338711023,0.1366843669116497,0.0349562996998429,-9.821355292797088,1188161.0
26.49,0.1000000014901161,119.0,25.144933700561523,0.3816851377487183,0.0,0.0,0.0,0.0,0.0,-0.0,1.0,0.0,0.0,0.0,0.0076004401780664,0.0056627835147082,0.012405970133841,0.1126400222908705,0.0636155729787424,-9.796132743358614,1188161.0
26.6,0.2000000029802322,118.0,25.1436824798584,0.3657816052436829,0.0,0.0,0.0,0.0,0.0,-0.0,1.0,0.0,0.0,0.0,-0.0045821499079465,-0.00195785285905,0.0003340545808896,0.1339545029215514,0.051763143511489,-9.80152563035488,1188161.0
26.79,0.2000000029802322,118.0,25.14117813110352,0.3657816052436829,0.0,0.0,0.0,0.0,0.0,-0.0,1.0,0.0,0.0,0.0,-0.0023450232110917,-0.0044509563595056,-0.0015091028762981,0.1208277413249015,0.0639510980900377,-9.79271446108818,1188161.0
26.9,0.2000000029802322,116.0,25.1436824798584,0.3498780429363251,0.0,0.0,0.0,0.0,0.0,-0.0,1.0,0.0,0.0,0.0,-0.0075198165141046,-0.0023609087802469,-0.0099852876737713,0.1421983552258461,0.0665608292073011,-9.818568509817124,1188161.0
27.09,0.1000000014901161,114.0,25.144933700561523,0.3737333714962005,0.0,0.0,0.0,0.0,0.0,-0.0,1.0,0.0,0.0,0.0,0.0014832039596512,0.0028732053469866,0.0085072973743081,0.1438057456724345,0.0723139777779579,-9.819054998159409,1188161.0
27.2,0.1000000014901161,114.0,25.14994239807129,0.3896369338035584,0.0,0.0,0.0,0.0,0.0,-0.0,1.0,0.0,0.0,0.0,-0.0074841673485934,-0.0055735236965119,-0.0101865231990814,0.1268917790427804,0.083634653231129,-9.822358675003054,1188161.0
27.29,0.1000000014901161,114.0,25.1436824798584,0.3816851377487183,0.0,0.0,0.0,0.0,0.0,-0.0,1.0,0.0,0.0,0.0,0.0049377661198377,0.0056953756138682,0.003642824711278,0.1330605093296617,0.050466148853302,-9.80846627533436,1188161.0
27.49,0.1000000014901161,113.0,25.144933700561523,0.3657816052436829,0.0,0.0,0.0,0.0,0.0,-0.0,1.0,0.0,0.0,0.0,-0.0037617774214595,-0.0025353671517223,-0.0048461901023983,0.1357403796259313,0.077529346961528,-9.822096719741822,1188161.0
27.59,0.1000000014901161,112.0,25.13742256164551,0.3498780429363251,0.0,0.0,0.0,0.0,0.0,-0.0,1.0,0.0,0.0,0.0,0.00727529078722,0.0037928856909275,0.0121142854914069,0.1318315525073558,0.0455825223634019,-9.808663326501849,1188161.0
27.8,0.1000000014901161,112.0,25.14743804931641,0.3816851377487183,0.0,0.0,0.0,0.0,0.0,-0.0,1.0,0.0,0.0,0.0,-0.0026865021791309,-0.0047243181616067,0.0025968321133404,0.1183239727187901,0.0594778045266866,-9.814086034297944,1188161.0
27.99,0.1000000014901161,115.0,25.14117813110352,0.3816851377487183,0.0,0.0,0.0,0.0,0.0,-0.0,1.0,0.0,0.0,0.0,0.0048889094032347,0.0045365933328866,0.0086158122867345,0.1235991205461323,0.0365810673404485,-9.811836025714875,1188161.0
28.1,0.1000000014901161,116.0,25.14743804931641,0.3816851377487183,0.0,0.0,0.0,0.0,0.0,-0.0,1.0,0.0,0.0,0.0,0.0057822316884994,0.0027411265764385,0.0080418372526764,0.1059838078077882,0.0489650406874716,-9.790691324472428,1188161.0
28.19,0.1000000014901161,118.0,25.14994239807129,0.3896369338035584,0.0,0.0,0.0,0.0,0.0,-0.0,1.0,0.0,0.0,0.0,-0.0014476471114903,0.0013067823601886,0.0051602288149297,0.127245763996616,0.041506049176678,-9.794348757863045,1188161.0
28.4,0.1000000014901161,119.0,25.1436824798584,0.3975887000560761,0.0,0.0,0.0,0.0,0.0,-0.0,1.0,0.0,0.0,0.0,0.0078037269413471,0.0071700159460306,0.0112864822149276,0.1230865938216448,0.0502194466022774,-9.816451817750927,1188161.0
28.49,0.1000000014901161,121.0,25.13742256164551,0.3896369338035584,0.0,0.0,0.0,0.0,0.0,-0.0,1.0,0.0,0.0,0.0,-0.0071207713335752,0.0003775322984438,-0.0049069696106016,0.140186154730618,0.0593338259775191,-9.814399445056916,1188161.0
28.7,0.1000000014901161,121.0,25.13992691040039,0.3578298389911652,0.0,0.0,0.0,0.0,0.0,-0.0,1.0,0.0,0.0,0.0,0.0016390521777793,0.0053033647127449,0.0099528608843684,0.1424980433005839,0.050274638836272,-9.830522557497025,1188161.0
28.9,0.1000000014901161,119.0,25.148691177368164,0.4055404663085937,0.0,0.0,0.0,0.0,0.0,-0.0,1.0,0.0,0.0,0.0,0.0045636286959052,0.0052034794352948,0.0053725130856037,0.1154853048361838,0.0747944443160668,-9.804232891201972,1188161.0
29.01,0.1000000014901161,118.0,25.148691177368164,0.3975887000560761,0.0,0.0,0.0,0.0,0.0,-0.0,1.0,0.0,0.0,0.0,-0.0032411725260317,0.0032680048607289,0.0028094411827623,0.1050170529261231,0.0421832298394292,-9.770754657983778,1188161.0
29.09,0.1000000014901161,118.0,25.14117813110352,0.3816851377487183,0.0,0.0,0.0,0.0,0.0,-0.0,1.0,0.0,0.0,0.0,-0.0083621460944414,-0.0022809554357081,-0.0070476359687745,0.1310920807253569,0.0784437601268291,-9.814726889133452,1188161.0
29.29,0.1000000014901161,117.0,25.14743804931641,0.3816851377487183,0.0,0.0,0.0,0.0,0.0,-0.0,1.0,0.0,0.0,0.0,-0.0093870470300316,-0.0030136913992464,0.0016628738958388,0.1366767015773803,0.073150860518217,-9.84258185505867,1188161.0
29.49,0.1000000014901161,116.0,25.14242935180664,0.3816851377487183,0.0,0.0,0.0,0.0,0.0,-0.0,1.0,0.0,0.0,0.0,0.0037405060138553,-0.0025992663577198,-0.0017527741147205,0.1275264943018555,0.0818519924953579,-9.823569048643114,1188161.0
29.6,0.1000000014901161,115.0,25.14117813110352,0.3896369338035584,0.0,0.0,0.0,0.0,0.0,-0.0,1.0,0.0,0.0,0.0,-0.0074029648676514,-0.0064204507507383,-0.0052899727597832,0.1300516143813729,0.0707920023612678,-9.815181802511216,1188161.0
29.69,0.1000000014901161,112.0,25.14743804931641,0.3896369338035584,0.0,0.0,0.0,0.0,0.0,-0.0,1.0,0.0,0.0,0.0,0.0057679554447531,0.0059049897827208,0.0057458127848804,0.1135840278491378,0.0543229997064918,-9.79551176905632,1188161.0
29.9,0.1000000014901161,111.0,25.14994239807129,0.4134922325611114,0.0,0.0,0.0,0.0,0.0,-0.0,1.0,0.0,0.0,0.0,-0.0060636852867901,-0.0034501431509852,-0.0064913756214082,0.1322653976362198,0.0622387683950364,-9.805075474977494,1188161.0
29.99,0.1000000014901161,107.0,25.13616943359375,0.4055404663085937,0.0,0.0,0.0,0.0,0.0,-0.0,1.0,0.0,0.0,0.0,0.0092613408342003,0.0135776810348033,0.0119415624067187,0.1407498902734369,0.0356504784012213,-9.812935302257536,1188161.0
30.2,0.1000000014901161,106.0,25.14117813110352,0.4055404663085937,0.0,0.0,0.0,0.0,0.0,-0.0,1.0,0.0,0.0,0.0,0.0016706840833649,0.0021807793527841,-0.0003735205391421,0.0955129155144095,0.0510103419050574,-9.76567927479744,1188161.0
30.39,0.1000000014901161,103.0,25.14994239807129,0.3975887000560761,0.0,0.0,0.0,0.0,0.0,-0.0,1.0,0.0,0.0,0.0,-0.0061551504768431,-0.0008295960724353,-0.0151949748396873,0.1232468258030712,0.0349208349664695,-9.786518166661264,1188161.0
30.49,0.1000000014901161,100.0,25.1436824798584,0.3975887000560761,0.0,0.0,0.0,0.0,0.0,-0.0,1.0,0.0,0.0,0.0,0.0068646762520074,0.0088063813745975,0.0083732903003692,0.1315950783155858,0.0486004439508542,-9.811432567834856,1188161.0
30.6,0.1000000014901161,97.0,25.14743804931641,0.3975887000560761,0.0,0.0,0.0,0.0,0.0,-0.0,1.0,0.0,0.0,0.0,-0.0078050694428384,0.0025143348611891,-0.0011462179245427,0.1293481395207345,0.0572681554360315,-9.803500819802284,1188161.0
30.8,0.1000000014901161,96.0,25.13616943359375,0.3896369338035584,0.0,0.0,0.0,0.0,0.0,-0.0,1.0,0.0,0.0,0.0,0.0033148697111755,0.0045344750396907,0.0087736491113901,0.1448135406989604,0.0515379708912223,-9.828467845916748,1188161.0
30.99,0.1000000014901161,95.0,25.14618682861328,0.4055404663085937,0.0,0.0,0.0,0.0,0.0,-0.0,1.0,0.0,0.0,0.0,-0.0106443716213107,-0.0049403486773371,-0.0051402621902525,0.1287214459106326,0.0746706203883513,-9.8215704703331,1188161.0
31.1,0.1000000014901161,96.0,25.13992691040039,0.3975887000560761,0.0,0.0,0.0,0.0,0.0,-0.0,1.0,0.0,0.0,0.0,-0.0040080640465021,0.0008212837274186,-0.000904637388885,0.1405124841816723,0.0606068333471194,-9.827339333295823,1188161.0
31.29,0.1000000014901161,98.0,25.138673782348643,0.3896369338035584,0.0,0.0,0.0,0.0,0.0,-0.0,1.0,0.0,0.0,0.0,0.003273616079241,0.0064360033720731,0.0111172953620553,0.1320852120313793,0.0763394111674279,-9.813175038099288,1188161.0
31.4,0.1000000014901161,100.0,25.1436824798584,0.4055404663085937,0.0,0.0,0.0,0.0,0.0,-0.0,1.0,0.0,0.0,0.0,-0.0095576690509915,-0.0055642519146204,-0.0089432643726468,0.1288319034688174,0.0799796226806938,-9.824565414190294,1188161.0
31.5,0.1000000014901161,103.0,25.12990951538086,0.3975887000560761,0.0,0.0,0.0,0.0,0.0,-0.0,1.0,0.0,0.0,0.0,0.0038170882035046,0.0034918026067316,0.0078651513904333,0.1226413648948073,0.0625059998547658,-9.810749613046646,1188161.0
31.7,0.1000000014901161,105.0,25.12990951538086,0.3896369338035584,0.0,0.0,0.0,0.0,0.0,-0.0,1.0,0.0,0.0,0.0,-0.0034859592560678,-0.0026263068430125,-0.0070546739734709,0.1041283857822418,0.0719010638538748,-9.792601025104524,1188161.0
31.79,0.1000000014901161,109.0,25.1436824798584,0.3816851377487183,0.0,0.0,0.0,0.0,0.0,-0.0,1.0,0.0,0.0,0.0,0.0039853053167462,0.0057487781159579,0.0091222589835524,0.1234083185903728,0.0396052746847272,-9.811695692539216,1188161.0
32.0,0.1000000014901161,111.0,25.1436824798584,0.3975887000560761,0.0,0.0,0.0,0.0,0.0,-0.0,1.0,0.0,0.0,0.0,0.0056863739155232,0.0118159661069512,0.0040836497209966,0.1118615203443914,0.0480749208759516,-9.782794075012209,1188161.0
32.19,0.1000000014901161,118.0,25.131162643432607,0.3816851377487183,0.0,0.0,0.0,0.0,0.0,-0.0,1.0,0.0,0.0,0.0,-0.0040042572654783,-0.003200763138011,-0.0060032461769878,0.1223129249643534,0.0698108258703723,-9.799823505878448,1188161.0
32.29,0.1000000014901161,120.0,25.144933700561523,0.4055404663085937,0.0,0.0,0.0,0.0,0.0,-0.0,1.0,0.0,0.0,0.0,0.0019607027061283,0.0052914610132575,0.0122086200863122,0.1358622209820896,0.0455271793808788,-9.810059641599656,1188161.0
32.39,0.1000000014901161,123.0,25.14618682861328,0.3816851377487183,0.0,0.0,0.0,0.0,0.0,-0.0,1.0,0.0,0.0,0.0,-0.0118383448570966,-0.0086439419537782,-0.0111885359510779,0.131164476564154,0.0810579223372042,-9.823836851119996,1188161.0
32.59,0.1000000014901161,124.0,25.14117813110352,0.3816851377487183,0.0,0.0,0.0,0.0,0.0,-0.0,1.0,0.0,0.0,0.0,-0.0069152587093412,-0.0064418287947773,-0.005942671559751,0.1450873091630637,0.0660148819908499,-9.836058701276777,1188161.0
32.79,0.1000000014901161,124.0,25.144933700561523,0.3896369338035584,0.0,0.0,0.0,0.0,0.0,-0.0,1.0,0.0,0.0,0.0,-0.0004805050848517,-0.0019710580818355,0.0092604421079158,0.1333064030203968,0.0817904596868902,-9.825092833042143,1188161.0
32.9,0.1000000014901161,127.0,25.14242935180664,0.3896369338035584,0.0,0.0,0.0,0.0,0.0,-0.0,1.0,0.0,0.0,0.0,-0.007435480132699,-0.0096848253160715,-0.012475412338972,0.1200270473677665,0.0716218775790184,-9.803811306953431,1188161.0
33.0,0.1000000014901161,127.0,25.14242935180664,0.3896369338035584,0.0,0.0,0.0,0.0,0.0,-0.0,1.0,0.0,0.0,0.0,0.0023624496534466,0.0046468977816402,0.0126655921339988,0.1193454995658248,0.0362922993977554,-9.7956567800045,1188161.0
33.2,0.1000000014901161,127.0,25.144933700561523,0.3896369338035584,0.0,0.0,0.0,0.0,0.0,-0.0,1.0,0.0,0.0,0.0,0.0056286668404936,0.0020166961476206,0.0038000768981873,0.1228133918065578,0.0504882495012134,-9.793231939673424,1188161.0
33.29,0.1000000014901161,124.0,25.14743804931641,0.4214440286159515,0.0,0.0,0.0,0.0,0.0,-0.0,1.0,0.0,0.0,0.0,-0.0039048090111464,-0.0023809834383428,0.0035240883007645,0.1298551570717245,0.0358757241116836,-9.795184909701348,1188161.0
33.49,0.1000000014901161,124.0,25.134918212890625,0.3737333714962005,0.0,0.0,0.0,0.0,0.0,-0.0,1.0,0.0,0.0,0.0,0.0027461841236799,0.0026701274327933,0.0097132083028554,0.1409141696244478,0.0421531258150935,-9.809386042356492,1188161.0
33.69,0.1000000014901161,119.0,25.138673782348643,0.3498780429363251,0.0,0.0,0.0,0.0,0.0,-0.0,1.0,0.0,0.0,0.0,-0.0097993444651365,-0.0062240432016551,-0.0108320191502571,0.1471299334522336,0.073451471356675,-9.82591027379036,1188161.0
33.79,0.1000000014901161,116.0,25.122398376464844,0.3657816052436829,0.0,0.0,0.0,0.0,0.0,-0.0,1.0,0.0,0.0,0.0,-0.0050869276747107,0.0016309876227751,-0.0011098544346168,0.1384627244621515,0.0641131344856694,-9.82932036995888,1188161.0
33.89,0.1000000014901161,110.0,25.13616943359375,0.3578298389911652,0.0,0.0,0.0,0.0,0.0,-0.0,1.0,0.0,0.0,0.0,-0.0017311366973444,-0.0059002642519772,-0.0034163475502282,0.1224178459402174,0.0830529649090021,-9.81130626797676,1188161.0
34.09,0.1000000014901161,107.0,25.13992691040039,0.4055404663085937,0.0,0.0,0.0,0.0,0.0,-0.0,1.0,0.0,0.0,0.0,-0.0056037660688161,-0.0075222672894597,-0.0064468448981642,0.1217350190598517,0.0788504248391837,-9.813072127103808,1188161.0
34.19,0.1000000014901161,102.0,25.13992691040039,0.3896369338035584,0.0,0.0,0.0,0.0,0.0,-0.0,1.0,0.0,0.0,0.0,0.0070688398554921,-0.0032377752941101,0.0025944139342755,0.1162665750738233,0.0583428691048175,-9.802709106802943,1188161.0
34.4,0.1000000014901161,100.0,25.14117813110352,0.4134922325611114,0.0,0.0,0.0,0.0,0.0,-0.0,1.0,0.0,0.0,0.0,-0.0031966373790055,-0.0078826490789651,-0.0037362261209636,0.1172501589730382,0.0658143316302448,-9.805084245800971,1188161.0
34.59,0.1000000014901161,94.0,25.12490081787109,0.3578298389911652,0.0,0.0,0.0,0.0,0.0,-0.0,1.0,0.0,0.0,0.0,-0.0087262261658906,-0.0136748617514967,-0.0111858611926436,0.1273362953402102,0.0290697775105945,-9.795760275721552,1188161.0
34.7,0.1000000014901161,91.0,25.1436824798584,0.3896369338035584,0.0,0.0,0.0,0.0,0.0,-0.0,1.0,0.0,0.0,0.0,0.0072882045060396,0.0001262178411707,0.0051510860212147,0.1325848474726081,0.0475849424768239,-9.810873574018476,1188161.0
34.79,0.1000000014901161,91.0,25.131162643432607,0.3896369338035584,0.0,0.0,0.0,0.0,0.0,-0.0,1.0,0.0,0.0,0.0,-0.0065566306002438,-0.0072469259612262,-0.0028991240542382,0.1289719899650663,0.0348567325808107,-9.785006076693538,1188161.0
35.0,0.1000000014901161,91.0,25.13742256164551,0.3975887000560761,0.0,0.0,0.0,0.0,0.0,-0.0,1.0,0.0,0.0,0.0,0.0019951201975345,-0.0004598336527124,0.0104735791683197,0.1551291528716683,0.038978316122666,-9.810388255119324,1188161.0
35.19,0.1000000014901161,89.0,25.12865829467773,0.4055404663085937,0.0,0.0,0.0,0.0,0.0,-0.0,1.0,0.0,0.0,0.0,-0.0081637483090162,-0.0104304375126957,-0.0124799041077494,0.152757019707933,0.0795264451950788,-9.82932387828827,1188161.0
35.3,0.1000000014901161,87.0,25.1436824798584,0.4055404663085937,0.0,0.0,0.0,0.0,0.0,-0.0,1.0,0.0,0.0,0.0,-0.0061680730432271,-0.0047847176901996,-0.0019962124060839,0.1333992458414286,0.0672629975806921,-9.82712064743042,1188161.0
35.49,0.1000000014901161,84.0,25.131162643432607,0.4055404663085937,0.0,0.0,0.0,0.0,0.0,-0.0,1.0,0.0,0.0,0.0,0.0028672630432993,0.0030174846760928,0.0108685288578271,0.1123071238584816,0.0661003107251599,-9.800661996603012,1188161.0
35.59,0.1000000014901161,82.0,25.14242935180664,0.3896369338035584,0.0,0.0,0.0,0.0,0.0,-0.0,1.0,0.0,0.0,0.0,-0.0099541265517473,-0.0087988590821623,-0.0099127488210797,0.1197183600626886,0.0789269320014864,-9.80431592166424,1188161.0
35.69,0.1000000014901161,77.0,25.1436824798584,0.3975887000560761,0.0,0.0,0.0,0.0,0.0,-0.0,1.0,0.0,0.0,0.0,0.0062827384099364,0.0021144214551895,0.006901416927576,0.1193895455449819,0.062822909806855,-9.805788250565527,1188161.0
35.89,0.1000000014901161,74.0,25.138673782348643,0.4055404663085937,0.0,0.0,0.0,0.0,0.0,-0.0,1.0,0.0,0.0,0.0,-0.0003004666650667,-0.0061801937408745,-0.0023429561406373,0.1199739199317991,0.0697711241897195,-9.8127037525177,1188161.0
35.99,0.1000000014901161,68.0,25.1436824798584,0.4055404663085937,0.0,0.0,0.0,0.0,0.0,-0.0,1.0,0.0,0.0,0.0,0.0010804578196257,-0.0015113041736185,0.0117224752902984,0.1330586912110448,0.0404493431048467,-9.821340090036392,1188161.0
36.2,0.1000000014901161,63.0,25.144933700561523,0.4055404663085937,0.0,0.0,0.0,0.0,0.0,-0.0,1.0,0.0,0.0,0.0,0.0093262605369091,0.0003994315920863,0.0078487675637006,0.1368526844959706,0.0667027429584413,-9.828780087232593,1188161.0
36.39,0.1000000014901161,49.0,25.144933700561523,0.3896369338035584,0.0,0.0,0.0,0.0,0.0,-0.0,1.0,0.0,0.0,0.0,-0.006863925140351,-0.0108902193605899,-0.0043686022982001,0.127109633507207,0.0796485423669219,-9.825936001539231,1188161.0
36.49,0.1000000014901161,39.0,25.138673782348643,0.3896369338035584,0.0,0.0,0.0,0.0,0.0,-0.0,1.0,0.0,0.0,0.0,0.0048221996985375,0.0015813708305358,0.0093354545533657,0.1320898715313524,0.0460765709728002,-9.823301246166231,1188161.0
36.59,0.1000000014901161,20.0,25.138673782348643,0.3896369338035584,0.0,0.0,0.0,0.0,0.0,-0.0,1.0,0.0,0.0,0.0,-0.0075625921599566,-0.0084806419909,-0.0105439750477671,0.1226770968642085,0.0578484641807153,-9.79275422215462,1188161.0
36.79,0.1000000014901161,8.0,25.1436824798584,0.3816851377487183,0.0,0.0,0.0,0.0,0.0,-0.0,1.0,0.0,0.0,0.0,-0.0030214677099138,0.0006625010282732,0.0021983417682349,0.1389605874661356,0.0519115942670032,-9.816476376056672,1188161.0
36.99,0.1000000014901161,343.0,25.13992691040039,0.4055404663085937,0.0,0.0,0.0,0.0,0.0,-0.0,1.0,0.0,0.0,0.0,0.0072320238687098,0.0054541886784136,0.0079624420031905,0.1228549801278859,0.0728211049642413,-9.80499361395836,1188161.0
37.09,0.1000000014901161,330.0,25.131162643432607,0.3896369338035584,0.0,0.0,0.0,0.0,0.0,-0.0,1.0,0.0,0.0,0.0,-0.0120851090177893,-0.0054300813935697,-0.0081794233992695,0.1247704640217125,0.0608961700228974,-9.802893294095991,1188161.0
37.19,0.1000000014901161,307.0,25.14242935180664,0.3975887000560761,0.0,0.0,0.0,0.0,0.0,-0.0,1.0,0.0,0.0,0.0,0.0010349148651584,0.000575145415496,0.002253413433209,0.1339844881743192,0.0763183931680396,-9.819915708303451,1188161.0
37.39,0.1000000014901161,297.0,25.14117813110352,0.4055404663085937,0.0,0.0,0.0,0.0,0.0,-0.0,1.0,0.0,0.0,0.0,-0.0059680468402802,-0.0080333184450864,-0.0071265194565057,0.1177455551829189,0.0623860222985968,-9.798204996585849,1188161.0
37.49,0.1000000014901161,283.0,25.134918212890625,0.4055404663085937,0.0,0.0,0.0,0.0,0.0,-0.0,1.0,0.0,0.0,0.0,0.0055761449038982,0.0069302758201956,0.0123731680214405,0.1351085240207612,0.0438942850241437,-9.804077939987184,1188161.0
37.7,0.1000000014901161,277.0,25.14117813110352,0.3896369338035584,0.0,0.0,0.0,0.0,0.0,-0.0,1.0,0.0,0.0,0.0,0.0085087763145565,0.0018437115941196,0.0018724341643974,0.1254269053414464,0.0637729772832244,-9.810396441221238,1188161.0
37.89,0.1000000014901161,268.0,25.138673782348643,0.3975887000560761,0.0,0.0,0.0,0.0,0.0,-0.0,1.0,0.0,0.0,0.0,-0.0010230437619611,0.0055335666984319,0.010005566291511,0.1241164803598076,0.0404156028432771,-9.809561458826066,1188161.0
38.01,0.1000000014901161,266.0,25.13992691040039,0.4055404663085937,0.0,0.0,0.0,0.0,0.0,-0.0,1.0,0.0,0.0,0.0,0.009776840917766,0.0094742318615317,0.0142072532325983,0.1274665146600455,0.0561138419760391,-9.822214833498002,1188161.0
38.09,0.1000000014901161,265.0,25.138673782348643,0.3975887000560761,0.0,0.0,0.0,0.0,0.0,-0.0,1.0,0.0,0.0,0.0,-0.0073508541099727,0.0020745899528265,-0.0041080089285969,0.1250546569749713,0.0591009697504341,-9.807716662287714,1188161.0
38.29,0.1000000014901161,266.0,25.14242935180664,0.3975887000560761,0.0,0.0,0.0,0.0,0.0,-0.0,1.0,0.0,0.0,0.0,0.0013165874406695,0.0131706045940518,0.0125536583364009,0.1259588192403316,0.0454551033116877,-9.814020545482636,1188161.0
38.39,0.1000000014901161,267.0,25.132413864135746,0.4055404663085937,0.0,0.0,0.0,0.0,0.0,-0.0,1.0,0.0,0.0,0.0,-0.005162944085896,0.0032311691902577,-0.0082705281674861,0.116909659160301,0.0723991552647203,-9.797488127946854,1188161.0
38.59,0.1000000014901161,266.0,25.12615394592285,0.3975887000560761,0.0,0.0,0.0,0.0,0.0,-0.0,1.0,0.0,0.0,0.0,-0.0068006534129381,0.0083249220624566,-0.0030690981075167,0.1153453553840518,0.060213347710669,-9.81248623609543,1188161.0
38.79,0.1000000014901161,258.0,25.13992691040039,0.3896369338035584,0.0,0.0,0.0,0.0,0.0,-0.0,1.0,0.0,0.0,0.0,0.0026726592332124,0.0144667970016598,0.0065223299898207,0.1157656788267195,0.0589800328854471,-9.800063826441765,1188161.0
38.9,0.1000000014901161,254.0,25.131162643432607,0.3975887000560761,0.0,0.0,0.0,0.0,0.0,-0.0,1.0,0.0,0.0,0.0,-0.004491847474128,0.0070268013514578,-0.0077096517197787,0.1152267848141491,0.068973340135999,-9.813707134723664,1188161.0
38.99,0.0,245.0,25.144933700561523,0.4134922325611114,0.0,0.0,0.0,0.0,0.0,-0.0,1.0,0.0,0.0,0.0,0.0086317770183086,0.0176691208034753,0.0066449316218495,0.119028936792165,0.0540556357707828,-9.813186732530594,1188161.0
39.2,0.0,239.0,25.13992691040039,0.3975887000560761,0.0,0.0,0.0,0.0,0.0,-0.0,1.0,0.0,0.0,0.0,0.0007506115944124,0.0045653120614588,-0.0022090109996497,0.1060338015016168,0.0588907120982185,-9.786452677845958,1188161.0
39.29,0.0,225.0,25.13992691040039,0.3975887000560761,0.0,0.0,0.0,0.0,0.0,-0.0,1.0,0.0,0.0,0.0,0.0020862526725977,0.0144871845841407,0.0113819539546966,0.1181107320729643,0.047138585220091,-9.815587599277498,1188161.0
39.5,0.0,212.0,25.13742256164551,0.4055404663085937,0.0,0.0,0.0,0.0,0.0,-0.0,1.0,0.0,0.0,0.0,0.0092458371073007,0.0140863955020904,0.0087997773662209,0.1157690775208175,0.0520581538137048,-9.811472328901294,1188161.0
39.69,0.0,186.0,25.14242935180664,0.3975887000560761,0.0,0.0,0.0,0.0,0.0,-0.0,1.0,0.0,0.0,0.0,0.0004055841709487,0.0073750205338001,-0.0016767882043495,0.1152500000875443,0.0550619964022189,-9.809376686811447,1188161.0
39.79,0.0,178.0,25.12865829467773,0.4055404663085937,0.0,0.0,0.0,0.0,0.0,-0.0,1.0,0.0,0.0,0.0,0.0011796985054388,0.0139421233907341,0.0118098268285393,0.1294817575346678,0.0468853276921436,-9.831742286682127,1188161.0
39.89,0.0,167.0,25.127405166625977,0.3975887000560761,0.0,0.0,0.0,0.0,0.0,-0.0,1.0,0.0,0.0,0.0,-0.0054053273051977,0.0054034856148064,-0.0088479686528444,0.1088947801664471,0.0667343133548274,-9.811013907194136,1188161.0
40.1,0.0,163.0,25.12364959716797,0.3816851377487183,0.0,0.0,0.0,0.0,0.0,-0.0,1.0,0.0,0.0,0.0,-0.0054961028508841,0.0060170744545757,-0.0067717190831899,0.107852532248944,0.0495723060099408,-9.80368968486786,1188161.0
40.19,0.0,153.0,25.14242935180664,0.3816851377487183,0.0,0.0,0.0,0.0,0.0,-0.0,1.0,0.0,0.0,0.0,-0.0012883316958323,0.0044489428400993,-0.0026753516867756,0.108218641038984,0.0745605830987915,-9.822016028165818,1188161.0
40.4,0.0,148.0,25.12865829467773,0.3975887000560761,0.0,0.0,0.0,0.0,0.0,-0.0,1.0,0.0,0.0,0.0,-0.0085484283044934,0.0016542101511731,-0.0128857940435409,0.0992997368238866,0.0828384269122034,-9.817746391296389,1188161.0
40.59,0.0,145.0,25.13992691040039,0.3896369338035584,0.0,0.0,0.0,0.0,0.0,-0.0,1.0,0.0,0.0,0.0,-0.0056444839574396,0.0023089607711881,-0.0015118356095626,0.1012758216261863,0.0558223491394892,-9.813097854852677,1188161.0
40.7,0.0,145.0,25.13616943359375,0.3975887000560761,0.0,0.0,0.0,0.0,0.0,-0.0,1.0,0.0,0.0,0.0,-0.0018737226491793,-0.0065690134651958,-0.0058825961314141,0.0951682130154222,0.066720010517165,-9.797282890677453,1188161.0
40.79,0.0,153.0,25.12615394592285,0.4055404663085937,0.0,0.0,0.0,0.0,0.0,-0.0,1.0,0.0,0.0,0.0,0.0078265694901347,0.0091890841722488,0.0092338798567652,0.1069830969627946,0.0463457712996751,-9.801826761960983,1188161.0
41.0,0.0,158.0,25.131162643432607,0.3419262766838074,0.0,0.0,0.0,0.0,0.0,-0.0,1.0,0.0,0.0,0.0,0.000757428642828,-0.0019362292950972,0.0019726785831153,0.1093723149597644,0.061492928629741,-9.82195053935051,1188161.0
41.09,0.0,168.0,25.13616943359375,0.3737333714962005,0.0,0.0,0.0,0.0,0.0,-0.0,1.0,0.0,0.0,0.0,-0.0024533669929951,2.475150324698916e-07,0.002445395104587,0.1096354396641254,0.0347055203863419,-9.800364373326303,1188161.0
41.29,0.0,168.0,25.12865829467773,0.3896369338035584,0.0,0.0,0.0,0.0,0.0,-0.0,1.0,0.0,0.0,0.0,0.0049478951841592,0.0031442060135304,0.0072831413708627,0.0953986207209527,0.0595263958023861,-9.808262792229652,1188161.0
41.49,0.0,169.0,25.13742256164551,0.3816851377487183,0.0,0.0,0.0,0.0,0.0,-0.0,1.0,0.0,0.0,0.0,-0.0016569488216191,-0.01086235512048,-0.0089813694357872,0.1057339215651154,0.0593396183755248,-9.815601632595063,1188161.0
41.6,0.1000000014901161,171.0,25.134918212890625,0.3657816052436829,0.0,0.0,0.0,0.0,0.0,-0.0,1.0,0.0,0.0,0.0,0.0041892295703291,-0.0033506455365568,0.008652102202177,0.0986317015718668,0.0534318383596837,-9.815901010036471,1188161.0
41.8,0.1000000014901161,177.0,25.138673782348643,0.3896369338035584,0.0,0.0,0.0,0.0,0.0,-0.0,1.0,0.0,0.0,0.0,-0.009025945328176,-0.0107792299240827,-0.0073662563227117,0.1146850676927715,0.062653751685284,-9.808365703225135,1188161.0
41.9,0.1000000014901161,180.0,25.134918212890625,0.3896369338035584,0.0,0.0,0.0,0.0,0.0,-0.0,1.0,0.0,0.0,0.0,0.0016000337200239,-0.0044289934448897,0.0056064371019601,0.1161541166715324,0.053141167787835,-9.812800816297534,1188161.0
42.09,0.1000000014901161,188.0,25.12990951538086,0.4055404663085937,0.0,0.0,0.0,0.0,0.0,-0.0,1.0,0.0,0.0,0.0,0.0058640497736632,-0.0040611680597066,0.0041305101476609,0.1071157830767333,0.0838697661180049,-9.831563361883164,1188161.0
42.19,0.1000000014901161,188.0,25.12364959716797,0.4055404663085937,0.0,0.0,0.0,0.0,0.0,-0.0,1.0,0.0,0.0,0.0,-0.003740691114217,-0.0099675441160798,0.0017665853956714,0.100028044078499,0.0483038576412946,-9.794757478237152,1188161.0
42.29,0.1000000014901161,185.0,25.13742256164551,0.4055404663085937,0.0,0.0,0.0,0.0,0.0,-0.0,1.0,0.0,0.0,0.0,-0.0043080132454633,-0.0155462818220257,-0.0096530867740511,0.1072887967061251,0.0803535064402967,-9.803676820993424,1188161.0
42.49,0.1000000014901161,186.0,25.131162643432607,0.4055404663085937,0.0,0.0,0.0,0.0,0.0,-0.0,1.0,0.0,0.0,0.0,-0.009527058340609,-0.0128285568207502,-0.0079585220664739,0.1184850635100156,0.0623768540471792,-9.800286605358124,1188161.0
42.59,0.1000000014901161,184.0,25.13742256164551,0.3896369338035584,0.0,0.0,0.0,0.0,0.0,-0.0,1.0,0.0,0.0,0.0,-0.0004817994486074,-0.0104551818221807,-0.0014918383676558,0.1237281521502882,0.072384235728532,-9.808850437402723,1188161.0
42.8,0.1000000014901161,183.0,25.13616943359375,0.4055404663085937,0.0,0.0,0.0,0.0,0.0,-0.0,1.0,0.0,0.0,0.0,-0.0073027056641876,-0.0123224528506398,-0.0099339662119746,0.1428338105231523,0.067361619095318,-9.820712099075315,1188161.0
42.99,0.1000000014901161,182.0,25.13742256164551,0.4055404663085937,0.0,0.0,0.0,0.0,0.0,-0.0,1.0,0.0,0.0,0.0,-0.0029604171868413,-0.0008537432877346,-0.0009555182768963,0.1352184973563999,0.053823103881441,-9.805311702489847,1188161.0
43.09,0.1000000014901161,180.0,25.12615394592285,0.4055404663085937,0.0,0.0,0.0,0.0,0.0,-0.0,1.0,0.0,0.0,0.0,-0.0052450848743319,-0.0060786954127252,-0.007721138652414,0.1268015309236943,0.0739063573256135,-9.820282913446428,1188161.0
43.29,0.1000000014901161,177.0,25.13616943359375,0.4055404663085937,0.0,0.0,0.0,0.0,0.0,-0.0,1.0,0.0,0.0,0.0,0.0049918312579393,0.0061777234077453,0.0116812447085976,0.1295134329982102,0.0433704475918784,-9.813639307022097,1188161.0
43.4,0.1000000014901161,175.0,25.138673782348643,0.4134922325611114,0.0,0.0,0.0,0.0,0.0,-0.0,1.0,0.0,0.0,0.0,0.0051941014826297,0.0079119047150015,0.0075091533362865,0.1124473656713962,0.051605679821223,-9.792737265229226,1188161.0
43.59,0.1000000014901161,170.0,25.122398376464844,0.3975887000560761,0.0,0.0,0.0,0.0,0.0,-0.0,1.0,0.0,0.0,0.0,-0.0048425137065351,0.0038818423636257,-0.004660053178668,0.1087749761994928,0.0439735787501558,-9.79487208366394,1188161.0
43.69,0.1000000014901161,168.0,25.134918212890625,0.3975887000560761,0.0,0.0,0.0,0.0,0.0,-0.0,1.0,0.0,0.0,0.0,0.0043235030025243,0.0121111460030078,0.008317275904119,0.1222410864382982,0.0427598612336441,-9.803473337888716,1188161.0
43.79,0.1000000014901161,164.0,25.13616943359375,0.4055404663085937,0.0,0.0,0.0,0.0,0.0,-0.0,1.0,0.0,0.0,0.0,-0.0098043577745556,0.000211688777199,-0.0109173981472849,0.1098965452518314,0.0683627309370785,-9.803703718185425,1188161.0
43.99,0.1000000014901161,163.0,25.13992691040039,0.4055404663085937,0.0,0.0,0.0,0.0,0.0,-0.0,1.0,0.0,0.0,0.0,-0.00061686366098,0.0089230705052614,0.0050136409699916,0.1171186240296811,0.0511089497152715,-9.804353343844417,1188161.0
44.09,0.1000000014901161,162.0,25.131162643432607,0.3975887000560761,0.0,0.0,0.0,0.0,0.0,-0.0,1.0,0.0,0.0,0.0,1.0841230505320713e-05,0.0038677314296364,-0.0042115892283618,0.1065413946378976,0.0687163961213082,-9.79154618740082,1188161.0
44.29,0.1000000014901161,162.0,25.131162643432607,0.4055404663085937,0.0,0.0,0.0,0.0,0.0,-0.0,1.0,0.0,0.0,0.0,-0.0070234965533018,0.0054437681101262,-0.0114323375746607,0.1036421715281904,0.0717492281086742,-9.801207541823388,1188161.0
44.49,0.1000000014901161,165.0,25.13366508483887,0.4134922325611114,0.0,0.0,0.0,0.0,0.0,-0.0,1.0,0.0,0.0,0.0,-0.0070078056305646,0.0103086866438388,-0.0023143794387578,0.1040852808393538,0.0522413589572534,-9.797415622472764,1188161.0
44.59,0.1000000014901161,166.0,25.12490081787109,0.3975887000560761,0.0,0.0,0.0,0.0,0.0,-0.0,1.0,0.0,0.0,0.0,0.0015954410191625,0.0090721203014254,-0.0046113082207739,0.1108573706913739,0.0689091806486249,-9.812432441711426,1188161.0
44.69,0.1000000014901161,169.0,25.138673782348643,0.3975887000560761,0.0,0.0,0.0,0.0,0.0,-0.0,1.0,0.0,0.0,0.0,0.0023792323190718,0.016141016036272,0.0114396419376134,0.1139113805629313,0.046845571193844,-9.823383107185364,1188161.0
44.89,0.1000000014901161,169.0,25.12990951538086,0.3896369338035584,0.0,0.0,0.0,0.0,0.0,-0.0,1.0,0.0,0.0,0.0,0.0070456275716423,0.0106913540512323,0.0113286720588803,0.1053173074498772,0.0439772378280758,-9.79862891972065,1188161.0
45.09,0.1000000014901161,172.0,25.132413864135746,0.4134922325611114,0.0,0.0,0.0,0.0,0.0,-0.0,1.0,0.0,0.0,0.0,0.0020368008408695,0.0044413967989385,-0.0025243575219064,0.0940938419569283,0.0568470782507211,-9.806082365512848,1188161.0
45.19,0.1000000014901161,174.0,25.13992691040039,0.4134922325611114,0.0,0.0,0.0,0.0,0.0,-0.0,1.0,0.0,0.0,0.0,0.0022959453053772,0.0095573989674448,0.0103252455592155,0.1099165811017155,0.0555841756006702,-9.818710012435911,1188161.0
45.29,0.1000000014901161,179.0,25.12490081787109,0.3975887000560761,0.0,0.0,0.0,0.0,0.0,-0.0,1.0,0.0,0.0,0.0,-0.0077075813896954,-0.0003970815450884,-0.0115282237529754,0.093259014878422,0.0830476475972682,-9.812271058559418,1188161.0
45.5,0.1000000014901161,180.0,25.12490081787109,0.3975887000560761,0.0,0.0,0.0,0.0,0.0,-0.0,1.0,0.0,0.0,0.0,-0.0078776525333523,0.0037710415199398,-0.0027888854965567,0.0942952693998813,0.0606558266188949,-9.806248426437376,1188161.0
45.59,0.1000000014901161,183.0,25.122398376464844,0.3975887000560761,0.0,0.0,0.0,0.0,0.0,-0.0,1.0,0.0,0.0,0.0,-0.0008841360686346,0.000756224093493,-0.0037520613986998,0.0879186431877315,0.0754556090896949,-9.812233636379242,1188161.0
45.8,0.1000000014901161,184.0,25.13742256164551,0.4055404663085937,0.0,0.0,0.0,0.0,0.0,-0.0,1.0,0.0,0.0,0.0,-0.0123474476858973,-0.0036291046999394,-0.0103667108342051,0.0986713438667357,0.0781001448445022,-9.807789167761802,1188161.0
45.99,0.1000000014901161,184.0,25.138673782348643,0.3975887000560761,0.0,0.0,0.0,0.0,0.0,-0.0,1.0,0.0,0.0,0.0,0.0061399932019412,0.0069879628717899,0.0074801524169743,0.099067967813462,0.0696593053266406,-9.827496038675308,1188161.0
46.09,0.1000000014901161,182.0,25.13616943359375,0.3816851377487183,0.0,0.0,0.0,0.0,0.0,-0.0,1.0,0.0,0.0,0.0,-0.0026128957979381,-0.0021956923883408,-0.0077708968892693,0.0901029619574546,0.0720586006343364,-9.786373155713084,1188161.0
46.19,0.1000000014901161,181.0,25.134918212890625,0.4214440286159515,0.0,0.0,0.0,0.0,0.0,-0.0,1.0,0.0,0.0,0.0,0.0056817666627466,0.005443456582725,0.0084313983097672,0.0886563242599368,0.0531559959612786,-9.796926795244216,1188161.0
46.4,0.1000000014901161,181.0,25.12114524841309,0.3975887000560761,0.0,0.0,0.0,0.0,0.0,-0.0,1.0,0.0,0.0,0.0,0.0013872648123651,0.0038865853566676,0.0028013736009597,0.0956726632732898,0.0615276464726775,-9.798291535377505,1188161.0
46.49,0.1000000014901161,184.0,25.134918212890625,0.4134922325611114,0.0,0.0,0.0,0.0,0.0,-0.0,1.0,0.0,0.0,0.0,0.0008471693145111,0.0028794878162443,-0.0029755067080259,0.0904044955596328,0.0614636148931458,-9.804163894057274,1188161.0
46.7,0.1000000014901161,186.0,25.13742256164551,0.3896369338035584,0.0,0.0,0.0,0.0,0.0,-0.0,1.0,0.0,0.0,0.0,0.0106621365994215,0.0044616339728236,0.0085802022367715,0.0938137146458029,0.0433470770018175,-9.797001639604568,1188161.0
46.89,0.1000000014901161,185.0,25.114885330200195,0.4055404663085937,0.0,0.0,0.0,0.0,0.0,-0.0,1.0,0.0,0.0,0.0,0.0012717123609036,-0.0053397733718156,0.0026178818661719,0.0990545648988336,0.0616761840227991,-9.802034922838214,1188161.0
47.1,0.2000000029802322,185.0,25.131162643432607,0.4055404663085937,0.0,0.0,0.0,0.0,0.0,-0.0,1.0,0.0,0.0,0.0,-0.0028338346164673,-0.0037910128012299,0.0061604408547282,0.1079506467003375,0.0491488670976832,-9.808049953579904,1188161.0
47.19,0.2000000029802322,186.0,25.12490081787109,0.3896369338035584,0.0,0.0,0.0,0.0,0.0,-0.0,1.0,0.0,0.0,0.0,0.0058405548334121,-0.0003249626897741,0.0118934456259012,0.0956925986241549,0.0521583970170468,-9.787361919879912,1188161.0
47.39,0.2000000029802322,188.0,25.134918212890625,0.3975887000560761,0.0,0.0,0.0,0.0,0.0,-0.0,1.0,0.0,0.0,0.0,0.0025521190837025,-0.0045017823576927,-0.0031929211691021,0.0890742631349712,0.0582525981450453,-9.785082675218582,1188161.0
47.49,0.2000000029802322,187.0,25.13616943359375,0.4055404663085937,0.0,0.0,0.0,0.0,0.0,-0.0,1.0,0.0,0.0,0.0,0.0046390346251428,0.0008093196665868,0.0087679987773299,0.0979276054445654,0.0426464343862608,-9.800649132728577,1188161.0
47.59,0.2000000029802322,186.0,25.138673782348643,0.3896369338035584,0.0,0.0,0.0,0.0,0.0,-0.0,1.0,0.0,0.0,0.0,-0.0087299793958663,-0.0124497860670089,-0.0106745641678571,0.0923085042927414,0.0709497584123164,-9.801067208647726,1188161.0
47.79,0.2000000029802322,186.0,25.12615394592285,0.4134922325611114,0.0,0.0,0.0,0.0,0.0,-0.0,1.0,0.0,0.0,0.0,-0.0037756557576358,-0.0042360466904938,-0.0007843271596357,0.1125800883304327,0.0507044822769239,-9.822389080524443,1188161.0
47.89,0.2000000029802322,185.0,25.132413864135746,0.3896369338035584,0.0,0.0,0.0,0.0,0.0,-0.0,1.0,0.0,0.0,0.0,-0.0062080635689198,-0.0139704877510666,-0.0098292417824268,0.0992077071312815,0.0706560545973479,-9.802478141784668,1188161.0
48.09,0.2000000029802322,185.0,25.12865829467773,0.3816851377487183,0.0,0.0,0.0,0.0,0.0,-0.0,1.0,0.0,0.0,0.0,-0.0073947557248175,-0.0138618005439639,-0.011212496086955,0.093884091367945,0.065233063576743,-9.803467490673066,1188161.0
48.29,0.2000000029802322,181.0,25.12865829467773,0.3578298389911652,0.0,0.0,0.0,0.0,0.0,-0.0,1.0,0.0,0.0,0.0,0.0037773083895444,-0.0027074518147856,0.0054192394018173,0.0866750865988433,0.0646706436574459,-9.78632930159569,1188161.0
48.39,0.2000000029802322,180.0,25.131162643432607,0.3896369338035584,0.0,0.0,0.0,0.0,0.0,-0.0,1.0,0.0,0.0,0.0,-0.0097565362229943,-0.0159888137131929,-0.0098270596936345,0.1069073663838207,0.0810976103134453,-9.822797216176989,1188161.0
48.5,0.2000000029802322,178.0,25.134918212890625,0.3896369338035584,0.0,0.0,0.0,0.0,0.0,-0.0,1.0,0.0,0.0,0.0,0.0035293658729642,-0.0070010730996727,0.0052270414307713,0.0982372246496379,0.0716682533081621,-9.812892032861711,1188161.0
48.69,0.2000000029802322,176.0,25.12490081787109,0.3896369338035584,0.0,0.0,0.0,0.0,0.0,-0.0,1.0,0.0,0.0,0.0,-0.0084880534559488,-0.0147559801116585,-0.0118401274085044,0.1033220912888646,0.0815918096713721,-9.805623943805696,1188161.0
48.89,0.2000000029802322,172.0,25.12490081787109,0.3578298389911652,0.0,0.0,0.0,0.0,0.0,-0.0,1.0,0.0,0.0,0.0,0.0066153211519122,-0.0003496799909044,0.0058022681623697,0.125147737339139,0.0530113870091736,-9.819619839191438,1188161.0
48.99,0.2000000029802322,169.0,25.11238098144531,0.3896369338035584,0.0,0.0,0.0,0.0,0.0,-0.0,1.0,0.0,0.0,0.0,0.0021057936828583,-0.0090016154572367,-0.0034974189475178,0.1026181139331311,0.0669352565752342,-9.801360738873482,1188161.0
49.19,0.2000000029802322,165.0,25.12364959716797,0.3737333714962005,0.0,0.0,0.0,0.0,0.0,-0.0,1.0,0.0,0.0,0.0,-0.0080673201009631,-0.014658261090517,-0.0123594822362065,0.1138510263338685,0.0520305439922958,-9.81028534412384,1188161.0
49.29,0.2000000029802322,164.0,25.13366508483887,0.3896369338035584,0.0,0.0,0.0,0.0,0.0,-0.0,1.0,0.0,0.0,0.0,0.0064857439137995,0.0014629838988184,0.0076789925806224,0.0947473322600126,0.0517106007970869,-9.790665596723557,1188161.0
49.49,0.2000000029802322,160.0,25.127405166625977,0.4134922325611114,0.0,0.0,0.0,0.0,0.0,-0.0,1.0,0.0,0.0,0.0,-0.0075808735564351,-0.0086441300809383,-0.0038268500939011,0.1037855014018714,0.043362841643393,-9.791895850896836,1188161.0
49.59,0.2000000029802322,158.0,25.12114524841309,0.4373475611209869,0.0,0.0,0.0,0.0,0.0,-0.0,1.0,0.0,0.0,0.0,0.0015495064435526,-0.0048520285636186,0.0107130762189626,0.1137467083521187,0.04372513147071,-9.810125130414963,1188161.0
49.79,0.2000000029802322,153.0,25.13616943359375,0.4055404663085937,0.0,0.0,0.0,0.0,0.0,-0.0,1.0,0.0,0.0,0.0,0.0049953735433518,-0.0075541450642049,0.0084538999944925,0.0982782556582242,0.0630771951656788,-9.80196007847786,1188161.0
49.9,0.1000000014901161,153.0,25.131162643432607,0.3896369338035584,0.0,0.0,0.0,0.0,0.0,-0.0,1.0,0.0,0.0,0.0,-0.0037403483875095,-0.0152584863826632,-0.0025777600239962,0.1091600884404033,0.0612207681499421,-9.800284266471865,1188161.0
49.99,0.1000000014901161,150.0,25.131162643432607,0.3975887000560761,0.0,0.0,0.0,0.0,0.0,-0.0,1.0,0.0,0.0,0.0,-0.0020627775229513,-0.0089888330549001,-0.0095818452537059,0.1037994707655161,0.0765111959679052,-9.811478176116944,1188161.0
50.19,0.1000000014901161,150.0,25.13616943359375,0.4055404663085937,0.0,0.0,0.0,0.0,0.0,-0.0,1.0,0.0,0.0,0.0,-0.0123681845143437,-0.0168696865439414,-0.0105300908908247,0.0977406498603522,0.0709625994460657,-9.784283945560457,1188161.0
50.3,0.1000000014901161,149.0,25.12615394592285,0.4055404663085937,0.0,0.0,0.0,0.0,0.0,-0.0,1.0,0.0,0.0,0.0,0.0088058542460203,-0.0049399933777749,0.0038350820541381,0.1142451469413936,0.0627465442568063,-9.803882058262824,1188161.0
50.49,0.1000000014901161,149.0,25.13616943359375,0.4055404663085937,0.0,0.0,0.0,0.0,0.0,-0.0,1.0,0.0,0.0,0.0,-0.0018533280817791,-0.0114340241998434,-0.0109590962529182,0.1069570220354944,0.0808143492601811,-9.820579952001571,1188161.0
50.69,0.1000000014901161,150.0,25.12364959716797,0.3896369338035584,0.0,0.0,0.0,0.0,0.0,-0.0,1.0,0.0,0.0,0.0,-0.0108015295118093,-0.0124995661899447,-0.0097867120057344,0.1155948761757463,0.0590789604652673,-9.828046846389771,1188161.0
50.8,0.1000000014901161,151.0,25.13366508483887,0.4055404663085937,0.0,0.0,0.0,0.0,0.0,-0.0,1.0,0.0,0.0,0.0,0.0018308542203158,-0.0064579867757856,0.0024978080764412,0.1034561661165207,0.0555871768668294,-9.814383072853088,1188161.0
50.9,0.1000000014901161,156.0,25.134918212890625,0.3816851377487183,0.0,0.0,0.0,0.0,0.0,-0.0,1.0,0.0,0.0,0.0,-0.0064756120555102,-0.0128699298948049,-0.0003702687099575,0.1100914402585476,0.052456614151597,-9.818338129520416,1188161.0
51.1,0.1000000014901161,159.0,25.127405166625977,0.4055404663085937,0.0,0.0,0.0,0.0,0.0,-0.0,1.0,0.0,0.0,0.0,0.0087446607649326,-0.0059163714759051,0.0076643289066851,0.1180716288182884,0.0343496099626645,-9.79342314362526,1188161.0
51.29,0.1000000014901161,163.0,25.11613655090332,0.4214440286159515,0.0,0.0,0.0,0.0,0.0,-0.0,1.0,0.0,0.0,0.0,0.0050020301714539,-0.0121314860880374,0.0002020191896008,0.1150592803582549,0.0681729339715093,-9.805906364321707,1188161.0
51.4,0.1000000014901161,166.0,25.132413864135746,0.4055404663085937,0.0,0.0,0.0,0.0,0.0,-0.0,1.0,0.0,0.0,0.0,-0.0020605311729013,-0.0083728432655334,0.0037971069104969,0.1165117561351508,0.0522173945093527,-9.808166897892953,1188161.0
51.5,0.2000000029802322,169.0,25.13742256164551,0.4214440286159515,0.0,0.0,0.0,0.0,0.0,-0.0,1.0,0.0,0.0,0.0,-0.005577006842941,-0.0140646491199731,-0.0148662757128477,0.1232289095688611,0.0671680808253586,-9.80756580412388,1188161.0
51.7,0.2000000029802322,170.0,25.12114524841309,0.4055404663085937,0.0,0.0,0.0,0.0,0.0,-0.0,1.0,0.0,0.0,0.0,-0.0043967035599052,-0.0117885712534189,-0.0018909721402451,0.1235706975962966,0.0552615828858688,-9.80759270131588,1188161.0
51.79,0.2000000029802322,172.0,25.13366508483887,0.4214440286159515,0.0,0.0,0.0,0.0,0.0,-0.0,1.0,0.0,0.0,0.0,-0.0040104733780026,-0.0092711606994271,-0.0078383898362517,0.1146055364236235,0.0704194524977356,-9.81035551071167,1188161.0
51.99,0.2000000029802322,173.0,25.12865829467773,0.3975887000560761,0.0,0.0,0.0,0.0,0.0,-0.0,1.0,0.0,0.0,0.0,-0.0076227630488574,-0.0093524167314171,-0.0079247131943702,0.1184492767229676,0.0618703618319705,-9.801620355248447,1188161.0
52.19,0.2000000029802322,175.0,25.132413864135746,0.3896369338035584,0.0,0.0,0.0,0.0,0.0,-0.0,1.0,0.0,0.0,0.0,0.0008041866240091,0.0008286329684779,0.0064155445434153,0.1199728235788643,0.0756233739294111,-9.818260946273805,1188161.0
52.29,0.2000000029802322,176.0,25.118640899658203,0.3975887000560761,0.0,0.0,0.0,0.0,0.0,-0.0,1.0,0.0,0.0,0.0,-0.004791114013642,-0.0081507423892617,-0.0086747324094176,0.1235764077678322,0.0753134669316932,-9.810244413614273,1188161.0
52.39,0.2000000029802322,175.0,25.134918212890625,0.4134922325611114,0.0,0.0,0.0,0.0,0.0,-0.0,1.0,0.0,0.0,0.0,0.0055545107461512,-0.0012834699591621,0.0021877740509808,0.1286938452254981,0.0580085225729271,-9.805748489499091,1188161.0
52.59,0.2000000029802322,174.0,25.118640899658203,0.3896369338035584,0.0,0.0,0.0,0.0,0.0,-0.0,1.0,0.0,0.0,0.0,-0.009605748578906,-0.0068604424595832,-0.007489709649235,0.1284153350349515,0.0795023528393358,-9.814350328445435,1188161.0
52.79,0.2000000029802322,174.0,25.11989402770996,0.3975887000560761,0.0,0.0,0.0,0.0,0.0,-0.0,1.0,0.0,0.0,0.0,0.0067608319222927,0.0020932415500283,0.0071033183485269,0.1230751460697502,0.0470585560239851,-9.797688687443731,1188161.0
52.89,0.2000000029802322,174.0,25.131162643432607,0.3896369338035584,0.0,0.0,0.0,0.0,0.0,-0.0,1.0,0.0,0.0,0.0,-0.0048338971100747,-0.0029593594372272,-0.0043528922833502,0.1229556527361273,0.073950311942026,-9.806450740098953,1188161.0
53.09,0.2000000029802322,176.0,25.11989402770996,0.4055404663085937,0.0,0.0,0.0,0.0,0.0,-0.0,1.0,0.0,0.0,0.0,-0.0129300989210605,0.0010997069766744,-0.0060147158801555,0.1355908919032663,0.042613310823217,-9.813015993833544,1188161.0
53.2,0.2000000029802322,177.0,25.12990951538086,0.4373475611209869,0.0,0.0,0.0,0.0,0.0,-0.0,1.0,0.0,0.0,0.0,0.0023539729882031,0.0059577841311693,-0.0009342654375359,0.1193692356068641,0.0652039005886763,-9.803698455691338,1188161.0
53.39,0.2000000029802322,179.0,25.127405166625977,0.4134922325611114,0.0,0.0,0.0,0.0,0.0,-0.0,1.0,0.0,0.0,0.0,0.0012563783675432,0.0146781913936138,0.007269537076354,0.1222146095149219,0.0443792293360456,-9.81096712946892,1188161.0
53.49,0.2000000029802322,179.0,25.11989402770996,0.4452993273735046,0.0,0.0,0.0,0.0,0.0,-0.0,1.0,0.0,0.0,0.0,0.008325139991939,0.0151400221511721,0.0102057186886668,0.12016326921992,0.0506626152992248,-9.807459384799005,1188161.0
53.69,0.2000000029802322,177.0,25.134918212890625,0.4055404663085937,0.0,0.0,0.0,0.0,0.0,-0.0,1.0,0.0,0.0,0.0,0.0005120359128341,0.0065452647395432,-0.0027200339827686,0.1158860766515135,0.0530572556750848,-9.806775260567663,1188161.0
53.79,0.2000000029802322,177.0,25.12990951538086,0.3896369338035584,0.0,0.0,0.0,0.0,0.0,-0.0,1.0,0.0,0.0,0.0,0.0068488712422549,0.0154028581455349,0.007100414019078,0.1148442855477333,0.0479097050568088,-9.80913051903248,1188161.0
53.9,0.2000000029802322,174.0,25.132413864135746,0.3816851377487183,0.0,0.0,0.0,0.0,0.0,-0.0,1.0,0.0,0.0,0.0,-0.0067555885761976,0.0032896911725401,-0.0061913351528346,0.1096532279904931,0.06297841376625,-9.803509590625763,1188161.0
54.1,0.2000000029802322,175.0,25.11363220214844,0.3896369338035584,0.0,0.0,0.0,0.0,0.0,-0.0,1.0,0.0,0.0,0.0,0.0022645269054919,0.0120019363239407,0.006529897917062,0.1199287227820605,0.0496759250666946,-9.824018114805222,1188161.0
54.19,0.2000000029802322,173.0,25.131162643432607,0.3975887000560761,0.0,0.0,0.0,0.0,0.0,-0.0,1.0,0.0,0.0,0.0,-0.005806662607938,0.0066208667121827,-0.0098376013338565,0.1039546503871679,0.0692405624594539,-9.804383749365806,1188161.0
54.4,0.2000000029802322,173.0,25.127405166625977,0.3975887000560761,0.0,0.0,0.0,0.0,0.0,-0.0,1.0,0.0,0.0,0.0,-0.0036407567095011,0.0087709175422787,0.0007226621382869,0.0948672915436327,0.0501110218651592,-9.791933273077012,1188161.0
54.59,0.2000000029802322,171.0,25.12114524841309,0.4055404663085937,0.0,0.0,0.0,0.0,0.0,-0.0,1.0,0.0,0.0,0.0,-0.0003863237216137,0.0038274610415101,-0.0048024314455688,0.094576081931591,0.0654546547774225,-9.795422306656835,1188161.0
54.7,0.2000000029802322,171.0,25.12865829467773,0.4055404663085937,0.0,0.0,0.0,0.0,0.0,-0.0,1.0,0.0,0.0,0.0,-0.0094689764082431,0.0029931673780083,-0.0053959479555487,0.0849487053137272,0.0620278118178248,-9.792322697639468,1188161.0
54.8,0.2000000029802322,168.0,25.12990951538086,0.3896369338035584,0.0,0.0,0.0,0.0,0.0,-0.0,1.0,0.0,0.0,0.0,0.0025672593619674,0.0055437288247048,0.0010209998581558,0.091727245375514,0.0637300870427861,-9.802418500185013,1188161.0
55.0,0.2000000029802322,167.0,25.11238098144531,0.3816851377487183,0.0,0.0,0.0,0.0,0.0,-0.0,1.0,0.0,0.0,0.0,-0.0060268472880125,0.0008906539878807,-0.0109965149313211,0.0874427346512675,0.0676506771147251,-9.796663085818292,1188161.0
55.09,0.2000000029802322,166.0,25.12114524841309,0.3339745104312897,0.0,0.0,0.0,0.0,0.0,-0.0,1.0,0.0,0.0,0.0,0.004752476233989,0.0103781074285507,0.0034113142173737,0.1053413267154246,0.0540623600687831,-9.800958450436593,1188161.0
55.29,0.2000000029802322,166.0,25.108625411987305,0.3816851377487183,0.0,0.0,0.0,0.0,0.0,-0.0,1.0,0.0,0.0,0.0,-0.0074322270229458,0.0031331181526184,-0.0100032966583967,0.1014131763763725,0.0823425007984042,-9.806290526390075,1188161.0
55.49,0.2000000029802322,165.0,25.11238098144531,0.3816851377487183,0.0,0.0,0.0,0.0,0.0,-0.0,1.0,0.0,0.0,0.0,-0.0079810852184891,0.0019550952129065,-0.0077534220181405,0.1102670668624341,0.0565040294174104,-9.807866351008416,1188161.0
55.59,0.2000000029802322,165.0,25.108625411987305,0.3896369338035584,0.0,0.0,0.0,0.0,0.0,-0.0,1.0,0.0,0.0,0.0,-0.0005864493432454,0.0016077602049335,-0.0020848934073001,0.0958976988494396,0.067465621875599,-9.799016005396844,1188161.0
55.69,0.2000000029802322,166.0,25.12990951538086,0.3657816052436829,0.0,0.0,0.0,0.0,0.0,-0.0,1.0,0.0,0.0,0.0,0.0053396695293486,0.0134728094562888,0.0119651947170496,0.1081000978779047,0.0563145567895844,-9.815101110935212,1188161.0
55.9,0.2000000029802322,165.0,25.127405166625977,0.3737333714962005,0.0,0.0,0.0,0.0,0.0,-0.0,1.0,0.0,0.0,0.0,0.0030438625253736,0.0110493144020438,0.0068445913493633,0.0895368875283748,0.0491769200284034,-9.791446784734728,1188161.0
56.1,0.2000000029802322,164.0,25.12114524841309,0.3737333714962005,0.0,0.0,0.0,0.0,0.0,-0.0,1.0,0.0,0.0,0.0,-0.0033147954382002,-0.0008252970292232,-0.0075966552831232,0.10036082373932,0.0480334421899169,-9.799370931386948,1188161.0
56.2,0.2000000029802322,163.0,25.127405166625977,0.4134922325611114,0.0,0.0,0.0,0.0,0.0,-0.0,1.0,0.0,0.0,0.0,0.003790570423007,0.0129474056884646,0.0108679216355085,0.1061217381432652,0.0485545798530802,-9.814153861999513,1188161.0
56.29,0.2000000029802322,163.0,25.114885330200195,0.3896369338035584,0.0,0.0,0.0,0.0,0.0,-0.0,1.0,0.0,0.0,0.0,-0.009217444807291,0.000838431471493,-0.0077942782081663,0.1001609311904758,0.0643687902856618,-9.805598216056824,1188161.0
56.5,0.2000000029802322,163.0,25.12114524841309,0.3816851377487183,0.0,0.0,0.0,0.0,0.0,-0.0,1.0,0.0,0.0,0.0,0.0032976760994642,0.0112753715366125,0.0065681105479598,0.1095419116225093,0.053976369453594,-9.811844211816789,1188161.0
56.59,0.2000000029802322,163.0,25.12865829467773,0.4055404663085937,0.0,0.0,0.0,0.0,0.0,-0.0,1.0,0.0,0.0,0.0,-0.0073436722159385,-0.0022858560550957,-0.0122379399836063,0.0896475826296955,0.0715606645401567,-9.7978407150507,1188161.0
56.79,0.2000000029802322,162.0,25.12865829467773,0.3896369338035584,0.0,0.0,0.0,0.0,0.0,-0.0,1.0,0.0,0.0,0.0,-0.004191072192043,0.0102783078327775,-0.0001672760990913,0.1053085914440453,0.0627905536908656,-9.816847089529038,1188161.0
56.99,0.2000000029802322,161.0,25.11989402770996,0.3816851377487183,0.0,0.0,0.0,0.0,0.0,-0.0,1.0,0.0,0.0,0.0,-0.0033221621997654,0.0034444888588041,-0.0072390241548419,0.1014748462289571,0.083951818998903,-9.817610735893249,1188161.0
57.09,0.2000000029802322,161.0,25.12615394592285,0.3657816052436829,0.0,0.0,0.0,0.0,0.0,-0.0,1.0,0.0,0.0,0.0,-0.009680226445198,0.0004309035721234,-0.006353392265737,0.0950407985318452,0.0681407331721857,-9.807162930965424,1188161.0
57.29,0.2000000029802322,161.0,25.127405166625977,0.3975887000560761,0.0,0.0,0.0,0.0,0.0,-0.0,1.0,0.0,0.0,0.0,-0.002172170439735,0.0076853046193718,0.0072362003847956,0.1062540131248533,0.0692522842995822,-9.818136985301972,1188161.0
57.41,0.2000000029802322,161.0,25.12865829467773,0.4055404663085937,0.0,0.0,0.0,0.0,0.0,-0.0,1.0,0.0,0.0,0.0,-0.0059581203386187,0.0006424427847377,-0.0071324738673865,0.0940611889120191,0.0731769537180662,-9.805542667508126,1188161.0
57.49,0.2000000029802322,163.0,25.12615394592285,0.3975887000560761,0.0,0.0,0.0,0.0,0.0,-0.0,1.0,0.0,0.0,0.0,0.0066576735116541,0.0134912189096212,0.0089744599536061,0.1128872316051274,0.0506533054355531,-9.812439458370209,1188161.0
57.7,0.2000000029802322,161.0,25.11613655090332,0.3975887000560761,0.0,0.0,0.0,0.0,0.0,-0.0,1.0,0.0,0.0,0.0,-0.0012402827851474,0.0018560859607532,0.0020420392975211,0.1060786880180239,0.0626193216349929,-9.814794716835022,1188161.0
57.89,0.2000000029802322,162.0,25.12615394592285,0.3816851377487183,0.0,0.0,0.0,0.0,0.0,-0.0,1.0,0.0,0.0,0.0,0.0040993546135723,0.0129868946969509,0.0063849445432424,0.1171338267903775,0.0476531904470175,-9.83053425192833,1188161.0
58.0,0.2000000029802322,162.0,25.127405166625977,0.3816851377487183,0.0,0.0,0.0,0.0,0.0,-0.0,1.0,0.0,0.0,0.0,0.0076659084297716,0.0133430119603872,0.0070034749805927,0.1064938768744468,0.0470008969958871,-9.8144064617157,1188161.0
58.19,0.2000000029802322,164.0,25.127405166625977,0.3816851377487183,0.0,0.0,0.0,0.0,0.0,-0.0,1.0,0.0,0.0,0.0,-0.0040886085480451,0.0066867154091596,-0.0052870772778987,0.110554621964693,0.0605322630750015,-9.812946996688844,1188161.0
58.3,0.2000000029802322,163.0,25.12615394592285,0.3975887000560761,0.0,0.0,0.0,0.0,0.0,-0.0,1.0,0.0,0.0,0.0,0.0050326427444815,0.012733556330204,0.0106420675292611,0.1023032413702458,0.046649579834193,-9.804908244609834,1188161.0
58.49,0.2000000029802322,164.0,25.118640899658203,0.3975887000560761,0.0,0.0,0.0,0.0,0.0,-0.0,1.0,0.0,0.0,0.0,-0.0073613496497273,-0.0002934254880528,-0.0059194695204496,0.0988235085178166,0.0741176702175289,-9.821716650724412,1188161.0
58.59,0.2000000029802322,164.0,25.12990951538086,0.3975887000560761,0.0,0.0,0.0,0.0,0.0,-0.0,1.0,0.0,0.0,0.0,-0.0003316944348625,0.0077605168335139,0.0108654657378792,0.1083611395116895,0.0515295244054868,-9.816896206140518,1188161.0
